{
  "method": "hs",
  "seed": 0,
  "summary": {
    "reward": 142.4638245554126,
    "success_rate": 0.7809704984557926,
    "latency_ms": 321.8788813897158,
    "deadline_miss": 0.0,
    "reschedule_count": 5.34,
    "num_task_nodes": 12.4,
    "episode_steps": 50.0
  },
  "episodes": {
    "reward": [
      169.54358132960218,
      172.266685874604,
      157.4561648505473,
      121.20702075079559,
      87.09677829655705,
      154.2299957343489,
      113.97012478348049,
      119.03741528220722,
      143.76642833759365,
      172.24332613503978,
      113.99147379333712,
      149.63033611988212,
      163.23620963446953,
      168.33201629600262,
      132.75644354689715,
      161.8977526975843,
      159.77531436803483,
      108.82347715510352,
      152.55571382344874,
      107.19037119703646,
      162.30990472083118,
      116.73101205963684,
      134.99973281220207,
      156.2076277038263,
      157.92809848358783,
      151.36156521988423,
      166.73362504966119,
      128.0466396838889,
      172.51621864310758,
      167.95381905150433,
      101.90887159315199,
      158.56364101157044,
      162.0365355272133,
      107.39148731876904,
      99.76216831900268,
      172.45975525138994,
      109.01305558446738,
      155.63123797752323,
      168.4000304325757,
      139.01303530726707,
      173.16408212466172,
      167.02244160749228,
      110.81846391289288,
      133.60035591568663,
      105.66844552566111,
      152.99824751728704,
      103.21621391660386,
      147.50521062981298,
      112.3087324458076,
      159.1290379975052,
      168.45666068219595,
      106.83495447931574,
      155.4131697854743,
      131.2878318650709,
      167.81749379963347,
      79.8033843077329,
      123.75953611594669,
      121.55691484021641,
      160.13684510748922,
      83.1206111711766,
      171.27360916271627,
      172.59333949539794,
      118.943638747875,
      172.09036089630325,
      150.2484995733323,
      161.32369706520302,
      120.32585426994565,
      156.1443961732463,
      166.3344488638068,
      138.69476913135878,
      113.95501394505834,
      160.1128531476219,
      164.52183705474673,
      131.5658366957962,
      164.69967791338667,
      173.62753094259332,
      89.9294127311304,
      171.62384953552862,
      134.94745855100157,
      171.16632556150307,
      172.5958901921828,
      74.01488554875237,
      103.54896123211131,
      157.74904474116983,
      165.00888766605223,
      93.72709724878301,
      159.36096122968792,
      126.67858721472324,
      167.48772249392255,
      172.75309944189155,
      138.65617944197646,
      99.93213377199014,
      152.37341619877714,
      161.40599032246146,
      152.35679642162398,
      165.86731168071913,
      159.0460516735338,
      108.65106075581798,
      173.48091655204973,
      155.97172675018643
    ],
    "success_rate": [
      1.0,
      1.0,
      1.0,
      0.5,
      0.35,
      1.0,
      0.3888888888888889,
      0.45,
      0.8,
      1.0,
      0.3684210526315789,
      1.0,
      1.0,
      1.0,
      0.5789473684210527,
      1.0,
      1.0,
      0.4,
      1.0,
      0.2222222222222222,
      1.0,
      0.6,
      0.625,
      1.0,
      1.0,
      1.0,
      1.0,
      0.5882352941176471,
      1.0,
      1.0,
      0.35,
      1.0,
      1.0,
      0.47058823529411764,
      0.4,
      1.0,
      0.4,
      1.0,
      1.0,
      0.8,
      1.0,
      1.0,
      0.29411764705882354,
      0.6111111111111112,
      0.3,
      1.0,
      0.5,
      1.0,
      0.2777777777777778,
      1.0,
      1.0,
      0.5263157894736842,
      1.0,
      0.75,
      1.0,
      0.3,
      0.6,
      0.26666666666666666,
      1.0,
      0.15,
      1.0,
      1.0,
      0.6842105263157895,
      1.0,
      0.9230769230769231,
      1.0,
      0.75,
      0.9166666666666666,
      1.0,
      0.75,
      0.5,
      1.0,
      1.0,
      0.7,
      1.0,
      1.0,
      0.3,
      1.0,
      0.5263157894736842,
      1.0,
      1.0,
      0.25,
      0.3,
      1.0,
      1.0,
      0.4,
      1.0,
      0.5555555555555556,
      1.0,
      1.0,
      0.9285714285714286,
      0.5,
      1.0,
      1.0,
      0.9285714285714286,
      1.0,
      1.0,
      0.3157894736842105,
      1.0,
      1.0
    ],
    "latency_ms": [
      109.33109310574694,
      61.70728445688164,
      395.1366816285614,
      368.2429446765733,
      330.20740340390444,
      416.5861755134375,
      494.21702824779857,
      337.6448224040772,
      634.6745287800326,
      66.73010472511511,
      417.6594154465573,
      438.69824993819486,
      216.20328950664398,
      131.3107996601438,
      250.58266518736644,
      199.64999414856453,
      271.7575807596479,
      443.57367365109315,
      417.3848409598436,
      286.8597489487452,
      238.54329169559,
      319.8673680925791,
      494.79059741217816,
      362.288996163475,
      341.4601464704842,
      412.5642855778641,
      141.71124970893564,
      602.280331760747,
      52.418175748582975,
      116.87817566726842,
      419.95856138657115,
      317.4149670517196,
      221.39868062873273,
      404.3766641197419,
      395.92713968141,
      62.43592549421569,
      272.3939508227924,
      360.12158138827806,
      128.81461497072183,
      490.86760219641315,
      46.306688263142604,
      115.86240402810469,
      189.00573701762568,
      561.3981822796047,
      332.3330260272915,
      514.0989837121538,
      633.0073696303368,
      660.345924188923,
      363.6499142841027,
      285.13480487118176,
      116.42670572161296,
      579.2481599974988,
      364.0383690851554,
      590.7144145432984,
      145.23771553963167,
      490.9055797326158,
      452.9212003917433,
      196.25605413418933,
      245.99420784878134,
      225.959688622117,
      72.02033571869386,
      51.403427692134244,
      616.1907511526049,
      68.79863440583696,
      490.38150366314375,
      233.32660781931617,
      651.6295741807555,
      382.0421908528716,
      153.52838635808953,
      363.1152893046832,
      365.0247487097374,
      267.9318724277921,
      189.06297135252848,
      618.9244888369855,
      187.99066041166185,
      37.79564549219511,
      404.09817414412794,
      76.4355030364842,
      539.1659930511958,
      97.83612790507568,
      47.85131089064424,
      504.2054299118964,
      389.29224764226586,
      297.09874186428664,
      161.92799167684257,
      598.1604072940746,
      385.2456619674613,
      404.77990238566247,
      152.56763756958173,
      50.00960069464505,
      696.425236882964,
      650.2073046307597,
      401.52376715516095,
      317.1904549291729,
      482.0028097002904,
      157.3725252305236,
      245.0126255529225,
      376.36691575,
      39.72478220987027,
      410.70413741030296
    ],
    "deadline_miss": [
      0,
      0,
      0,
      0,
      0,
      0,
      0,
      0,
      0,
      0,
      0,
      0,
      0,
      0,
      0,
      0,
      0,
      0,
      0,
      0,
      0,
      0,
      0,
      0,
      0,
      0,
      0,
      0,
      0,
      0,
      0,
      0,
      0,
      0,
      0,
      0,
      0,
      0,
      0,
      0,
      0,
      0,
      0,
      0,
      0,
      0,
      0,
      0,
      0,
      0,
      0,
      0,
      0,
      0,
      0,
      0,
      0,
      0,
      0,
      0,
      0,
      0,
      0,
      0,
      0,
      0,
      0,
      0,
      0,
      0,
      0,
      0,
      0,
      0,
      0,
      0,
      0,
      0,
      0,
      0,
      0,
      0,
      0,
      0,
      0,
      0,
      0,
      0,
      0,
      0,
      0,
      0,
      0,
      0,
      0,
      0,
      0,
      0,
      0,
      0
    ],