{
  "method": "hs",
  "seed": 4,
  "summary": {
    "reward": 142.14934256746366,
    "success_rate": 0.7929481804744962,
    "latency_ms": 319.5193180699652,
    "deadline_miss": 0.0,
    "reschedule_count": 4.86,
    "num_task_nodes": 12.08,
    "episode_steps": 50.0
  },
  "episodes": {
    "reward": [
      154.15078227187072,
      103.58497257863307,
      107.67008935126759,
      173.58501508662857,
      165.67127688786917,
      92.54837063184017,
      124.37690050035978,
      145.5592856522576,
      157.5331944509423,
      77.49613263253576,
      112.88463273691957,
      117.93233462002291,
      174.14893638944923,
      123.8542308809102,
      102.65620909323304,
      159.67675962716092,
      169.2185393659603,
      168.62915546454246,
      90.38553933142775,
      159.716908818919,
      172.12280443191554,
      165.26401856545516,
      160.48326603431192,
      161.23793237400773,
      167.19522069980732,
      90.46683780981644,
      164.21578482847164,
      169.61126208355088,
      126.80126352685143,
      155.29872200336942,
      86.81340679539575,
      168.90284101289365,
      164.37789336807444,
      168.27591974434733,
      97.29351875112998,
      136.6622894422155,
      97.19386173166022,
      152.4456192013573,
      164.68405599222402,
      166.8762316603066,
      143.41753522444054,
      149.337408668577,
      166.4807603403373,
      89.95861586778891,
      144.74263855756413,
      111.70179922967951,
      161.45963541673427,
      154.2188053342254,
      101.939391709381,
      106.78282428254688,
      111.48622139399075,
      155.90758809099094,
      170.82799078564722,
      173.39543666142288,
      158.46043302902538,
      79.56801888868851,
      151.58659851773558,
      163.53101990316216,
      165.31805450748615,
      148.33050141602368,
      169.2435952601134,
      165.96602133363763,
      162.6031377625264,
      151.02225867206485,
      166.99134047036722,
      172.14405851114185,
      92.02681683347947,
      164.4369658560327,
      155.1355705540045,
      162.45608138561977,
      114.23669668485798,
      82.10191871916307,
      133.67947691429447,
      105.1564569253376,
      161.5616854464831,
      140.92299499818432,
      167.93651218685233,
      144.64389890475294,
      157.60186433566165,
      173.0010181196021,
      149.25895233913124,
      95.00626706743174,
      160.18891781054148,
      157.76247182965074,
      143.13165901811072,
      152.8963201644502,
      105.29033294172852,
      162.5931280787615,
      98.83811054182233,
      149.4128347942912,
      149.25384549283888,
      166.4787386426085,
      155.7515519715255,
      160.42470180872118,
      159.7845436054301,
      158.613592459486,
      157.69567473472986,
      152.91000129170766,
      107.1334928892118,
      103.68745513464955
    ],
    "success_rate": [
      1.0,
      0.3157894736842105,
      0.35294117647058826,
      1.0,
      1.0,
      0.2,
      0.55,
      1.0,
      1.0,
      0.25,
      0.3684210526315789,
      0.42105263157894735,
      1.0,
      0.65,
      0.3,
      1.0,
      1.0,
      1.0,
      0.55,
      1.0,
      1.0,
      1.0,
      1.0,
      1.0,
      1.0,
      0.25,
      1.0,
      1.0,
      0.631578947368421,
      1.0,
      0.3684210526315789,
      1.0,
      1.0,
      1.0,
      0.4,
      0.7058823529411765,
      0.35,
      1.0,
      1.0,
      1.0,
      0.5833333333333334,
      1.0,
      1.0,
      0.3,
      1.0,
      0.3333333333333333,
      1.0,
      1.0,
      0.45,
      0.25,
      0.4,
      1.0,
      1.0,
      1.0,
      1.0,
      0.15,
      0.9166666666666666,
      1.0,
      1.0,
      1.0,
      1.0,
      1.0,
      1.0,
      1.0,
      1.0,
      1.0,
      0.3,
      1.0,
      1.0,
      1.0,
      0.55,
      0.2222222222222222,
      0.8,
      0.3333333333333333,
      1.0,
      0.9230769230769231,
      1.0,
      0.9411764705882353,
      1.0,
      1.0,
      0.7142857142857143,
      0.4,
      1.0,
      1.0,
      0.9285714285714286,
      0.9090909090909091,
      0.55,
      1.0,
      0.25,
      0.6923076923076923,
      0.8333333333333334,
      1.0,
      1.0,
      1.0,
      1.0,
      1.0,
      1.0,
      1.0,
      0.4,
      0.5
    ],
    "latency_ms": [
      335.18280691048784,
      218.5109237617638,
      309.60452422362994,
      38.35506464962577,
      133.2385403913154,
      287.99681768531775,
      441.9044825782181,
      612.000113416863,
      338.9349213589253,
      326.4193943074945,
      433.41479048493056,
      284.9612087018662,
      30.935047507247805,
      443.8120404693409,
      327.277217537015,
      305.6606347688396,
      103.72433799067734,
      130.6933731040045,
      772.9208165260784,
      330.23841407570774,
      52.99995140339276,
      171.16319180688026,
      292.82133174409745,
      235.32856153887286,
      142.0754296770069,
      154.0674481707623,
      220.15018275368453,
      86.59819098719467,
      604.686746588907,
      289.7199612597314,
      680.0818578311327,
      95.30296218011699,
      165.4438543362055,
      113.65432912089358,
      517.9647165583027,
      491.43861913099823,
      364.1990851279244,
      460.89777518904697,
      167.70078656015542,
      159.77140268075624,
      339.9450891471285,
      609.3959276064656,
      183.0970881087923,
      414.3056410518687,
      647.0583873787607,
      359.25371752332353,
      240.03636330743095,
      387.6094135197661,
      330.1352228650125,
      501.40559526987346,
      471.0527213347097,
      355.99980755519425,
      89.89727695073451,
      40.84951761285857,
      297.30335225198405,
      231.66941104994734,
      397.7590171807858,
      222.64659528188972,
      168.11413969246274,
      475.0044986746664,
      98.24126203193511,
      169.1793045006508,
      185.61834645914342,
      433.74974356225545,
      143.30735870857595,
      61.5977788517075,
      325.0895230328423,
      168.95318136048755,
      406.3326433528044,
      209.2969395902977,
      510.8688008490236,
      418.34299140331194,
      640.0026352233348,
      398.2659011195608,
      225.34178633518525,
      563.2219435437414,
      131.3923164223252,
      698.2643020601597,
      362.7259748653614,
      46.039235268392986,
      391.6303173527056,
      231.23161363993003,
      254.83979739887104,
      277.61037374186463,
      717.2657185580064,
      360.95280430922537,
      418.0276379686694,
      223.21637640603663,
      325.95794268519353,
      416.97438857178423,
      318.8987292186501,
      164.69900848004033,
      302.830253402022,
      283.34713387176737,
      272.42739525376584,
      328.25718558352156,
      348.71988806305933,
      483.0223022250978,
      364.5503043187471,
      837.2500289473953
    ],
    "deadline_miss": [
      0,
      0,
      0,
      0,
      0,
      0,
      0,
      0,
      0,
      0,
      0,
      0,
      0,
      0,
      0,
      0,
      0,
      0,
      0,
      0,
      0,
      0,
      0,
      0,
      0,
      0,
      0,
      0,
      0,
      0,
      0,
      0,
      0,
      0,
      0,
      0,
      0,
      0,
      0,
      0,
      0,
      0,
      0,
      0,
      0,
      0,
      0,
      0,
      0,
      0,
      0,
      0,
      0,
      0,
      0,
      0,
      0,
      0,
      0,
      0,
      0,
      0,
      0,
      0,
      0,
      0,
      0,
      0,
      0,
      0,
      0,
      0,
      0,
      0,
      0,
      0,
      0,
      0,
      0,
      0,
      0,
      0,
      0,
      0,
      0,
      0,
      0,
      0,
      0,
      0,
      0,
      0,
      0,
      0,
      0,
      0,
      0,
      0,
      0,
      0
    ],