{
  "method": "hs",
  "seed": 1,
  "summary": {
    "reward": 145.92085017324632,
    "success_rate": 0.8154684801352756,
    "latency_ms": 332.0078400383377,
    "deadline_miss": 0.0,
    "reschedule_count": 4.41,
    "num_task_nodes": 11.87,
    "episode_steps": 50.0
  },
  "episodes": {
    "reward": [
      128.69965519537766,
      167.7907296645562,
      167.55627464666847,
      135.79286333222694,
      171.0552753402587,
      123.16048765258775,
      153.47598694187408,
      114.67808683082788,
      144.95086423846212,
      173.7911767765537,
      162.76640667841272,
      157.56007795384238,
      173.2826451211736,
      173.4078184601993,
      171.49206304744206,
      156.31243725700168,
      168.7854844641907,
      107.37882871467247,
      167.05884725031305,
      165.7444248244642,
      172.37739625820277,
      144.39427683352403,
      159.7489835917284,
      84.78104315082489,
      130.4552035608975,
      150.23720633091116,
      167.59192063247866,
      130.8956251431555,
      170.2143305554016,
      116.58337080801942,
      162.83523074827406,
      171.08441629018026,
      121.13816312735779,
      135.38585966981958,
      148.33307922778368,
      90.00186719927703,
      171.87990682499426,
      173.0191989300741,
      173.17271900289157,
      158.4677022443265,
      168.23793835908484,
      128.5768853951822,
      137.91257428634395,
      108.03577963591603,
      165.20111233366575,
      74.6926031669142,
      108.71523578769387,
      103.47679342144501,
      170.0618311051159,
      164.8018322354371,
      170.3800057871256,
      160.95954534356727,
      155.53205815590775,
      167.60336858216743,
      164.87423160226376,
      163.93485780000128,
      119.02414506187013,
      163.08470137007777,
      165.14835104137018,
      136.797459768134,
      151.50891118159427,
      170.64206707365128,
      160.79064709343714,
      154.04515842006847,
      117.6498585241229,
      99.36247577851691,
      162.5198840074942,
      159.0430623298777,
      136.2559808619374,
      121.53267512097074,
      151.3192990751855,
      96.22831680813813,
      158.3950780927021,
      136.56480563896352,
      138.38035868311002,
      164.8641028692112,
      141.06345670295738,
      109.67393480616732,
      162.7550229993363,
      94.92878304168421,
      157.33591189934532,
      169.81895528994528,
      163.73104536263781,
      162.52598223055804,
      151.10014211212552,
      138.3087153204268,
      102.0128212841487,
      147.00342285461738,
      147.416019682961,
      109.34905994793853,
      157.5450396068065,
      107.19110790251894,
      170.6255677599255,
      167.5450589395205,
      160.81153887452697,
      153.1392892715872,
      151.38606137483345,
      130.2435212561486,
      149.95076136197918,
      93.1318711224421
    ],
    "success_rate": [
      0.8,
      1.0,
      1.0,
      0.6,
      1.0,
      0.5882352941176471,
      0.7857142857142857,
      0.3333333333333333,
      0.9444444444444444,
      1.0,
      1.0,
      1.0,
      1.0,
      1.0,
      1.0,
      1.0,
      1.0,
      0.3888888888888889,
      1.0,
      1.0,
      1.0,
      0.7272727272727273,
      1.0,
      0.15,
      0.4375,
      0.75,
      1.0,
      0.8,
      1.0,
      0.5625,
      1.0,
      1.0,
      0.625,
      0.85,
      0.7777777777777778,
      0.3,
      1.0,
      1.0,
      1.0,
      1.0,
      1.0,
      0.5,
      0.7,
      0.5,
      1.0,
      0.15,
      0.35,
      0.35,
      1.0,
      1.0,
      1.0,
      1.0,
      1.0,
      1.0,
      1.0,
      1.0,
      0.55,
      1.0,
      1.0,
      0.8333333333333334,
      1.0,
      1.0,
      1.0,
      1.0,
      0.55,
      0.3888888888888889,
      1.0,
      1.0,
      0.7857142857142857,
      0.5,
      1.0,
      0.35,
      1.0,
      0.8,
      0.75,
      1.0,
      0.6666666666666666,
      0.3333333333333333,
      1.0,
      0.2631578947368421,
      1.0,
      1.0,
      1.0,
      1.0,
      1.0,
      0.9,
      0.25,
      1.0,
      0.8823529411764706,
      0.45,
      1.0,
      0.4444444444444444,
      1.0,
      1.0,
      1.0,
      1.0,
      0.9473684210526315,
      0.5625,
      1.0,
      0.3684210526315789
    ],
    "latency_ms": [
      959.8417240549358,
      139.59570567193043,
      135.28608183751524,
      473.03790144722984,
      81.84831369273621,
      502.3087529158746,
      329.5605218676513,
      405.8535668762671,
      583.5721789341758,
      35.64241083481846,
      194.039590273234,
      325.3768972064845,
      42.33361682666455,
      40.68659920790624,
      73.45398164900897,
      389.53997607246174,
      127.20410013573304,
      419.14219103462324,
      131.96791080781819,
      200.155692414192,
      47.013831765326884,
      439.75527243769136,
      282.59834471044684,
      285.6845553729722,
      493.7569569066862,
      318.617622608006,
      130.6033951193043,
      784.7491240477196,
      100.8893702852517,
      607.6275897109592,
      184.62372610333082,
      84.16211851651619,
      593.4587019013717,
      754.3415895115933,
      448.7583646072444,
      583.4373043402845,
      69.158504170605,
      46.06588979858429,
      43.78001311984905,
      266.16292298233896,
      112.27546516173429,
      498.28093062785445,
      531.8020625465808,
      661.2283352120297,
      173.0124164298863,
      308.49480088768735,
      377.91529217272375,
      384.8015145361329,
      91.454073378359,
      204.04671953994162,
      96.69394608112891,
      275.2904041508773,
      316.77398504972535,
      135.82910363613186,
      176.210602473233,
      201.03181643547325,
      355.2965158529336,
      231.24326441246305,
      188.4020558586132,
      668.042389904043,
      487.1540886125644,
      93.20235265466778,
      257.7627631924764,
      357.4417247391085,
      411.406461254805,
      432.1120385010547,
      229.1662368255395,
      273.15486554943396,
      488.7689652255274,
      569.214835688611,
      512.1519138350786,
      274.91262005693187,
      315.96241850214034,
      657.1865277306631,
      381.50635174826164,
      194.81549764964262,
      512.6860323625706,
      315.7138759051882,
      257.34394853130334,
      259.03788323738775,
      317.56645229993285,
      88.65256620634896,
      184.34385534888082,
      226.44397541764175,
      431.7154478223525,
      883.5804708832961,
      312.4830524072108,
      622.8884117989985,
      614.7615679456012,
      464.0113221747755,
      364.1243076351752,
      379.9830625255869,
      101.10696682367264,
      125.82717935780872,
      266.6834508593015,
      531.8631672666572,
      532.0404222240111,
      486.99515921092143,
      510.99181333485905,
      330.20134436288123
    ],
    "deadline_miss": [
      0,
      0,
      0,
      0,
      0,
      0,
      0,
      0,
      0,
      0,
      0,
      0,
      0,
      0,
      0,
      0,
      0,
      0,
      0,
      0,
      0,
      0,
      0,
      0,
      0,
      0,
      0,
      0,
      0,
      0,
      0,
      0,
      0,
      0,
      0,
      0,
      0,
      0,
      0,
      0,
      0,
      0,
      0,
      0,
      0,
      0,
      0,
      0,
      0,
      0,
      0,
      0,
      0,
      0,
      0,
      0,
      0,
      0,
      0,
      0,
      0,
      0,
      0,
      0,
      0,
      0,
      0,
      0,
      0,
      0,
      0,
      0,
      0,
      0,
      0,
      0,
      0,
      0,
      0,
      0,
      0,
      0,
      0,
      0,
      0,
      0,
      0,
      0,
      0,
      0,
      0,
      0,
      0,
      0,
      0,
      0,
      0,
      0,
      0,
      0
    ],