{
  "method": "ns",
  "seed": 0,
  "summary": {
    "reward": 142.5818672671002,
    "success_rate": 0.7712782654222282,
    "latency_ms": 325.1449681734637,
    "deadline_miss": 0.0,
    "reschedule_count": 5.15,
    "num_task_nodes": 11.67,
    "episode_steps": 50.0
  },
  "episodes": {
    "reward": [
      169.54358132960218,
      172.266685874604,
      157.4561648505473,
      120.44841906278685,
      84.48593476619283,
      154.2299957343489,
      113.97012478348049,
      121.08559803590508,
      144.6577907279661,
      172.24332613503978,
      113.99147379333712,
      149.63033611988212,
      163.23620963446953,
      168.33201629600262,
      131.39178072836987,
      161.8977526975843,
      159.77531436803483,
      110.14640468551667,
      152.55571382344874,
      107.19037119703646,
      162.30990472083118,
      116.46934231166766,
      134.1032006045708,
      154.75992685768284,
      157.45658631810417,
      152.45873300537502,
      166.30659987280518,
      130.0447413180426,
      172.51621864310758,
      168.31629926041867,
      97.3349792197682,
      158.56364101157044,
      162.0365355272133,
      107.39148731876904,
      108.19106537000995,
      172.45975525138994,
      108.82568394384101,
      155.63123797752323,
      168.4000304325757,
      139.01303530726707,
      173.16408212466172,
      167.02244160749228,
      110.81846391289288,
      133.60035591568663,
      105.66844552566111,
      152.99824751728704,
      103.21621391660386,
      147.50521062981298,
      112.3087324458076,
      159.1290379975052,
      168.45666068219595,
      106.83495447931574,
      155.4131697854743,
      130.65343430596732,
      167.81749379963347,
      83.6209107860899,
      124.7391673947306,
      121.55691484021641,
      160.13684510748922,
      83.1206111711766,
      171.27360916271627,
      172.59333949539794,
      116.66307835124343,
      172.09036089630325,
      150.2484995733323,
      161.32369706520302,
      122.73985163385545,
      156.1443961732463,
      166.3344488638068,
      138.69476913135878,
      110.40720878653862,
      160.1128531476219,
      164.52183705474673,
      131.8262183360626,
      164.69967791338667,
      173.62753094259332,
      89.9294127311304,
      171.62384953552862,
      135.04976621152576,
      171.16632556150307,
      172.5958901921828,
      74.01488554875237,
      105.03788614841089,
      157.74904474116983,
      165.00888766605223,
      96.15857841728958,
      160.1124770786889,
      126.32687813075334,
      167.58781100328235,
      173.20108382940552,
      138.65617944197646,
      102.6077307273976,
      152.37341619877714,
      161.40599032246146,
      152.35679642162398,
      165.86731168071913,
      159.0460516735338,
      108.65106075581798,
      173.48091655204973,
      155.97172675018643
    ],
    "success_rate": [
      1.0,
      1.0,
      1.0,
      0.5714285714285714,
      0.2777777777777778,
      1.0,
      0.3888888888888889,
      0.35294117647058826,
      0.8125,
      1.0,
      0.3684210526315789,
      1.0,
      1.0,
      1.0,
      0.4666666666666667,
      1.0,
      1.0,
      0.3684210526315789,
      1.0,
      0.2222222222222222,
      1.0,
      0.5625,
      0.6,
      1.0,
      1.0,
      1.0,
      1.0,
      0.5882352941176471,
      1.0,
      1.0,
      0.17647058823529413,
      1.0,
      1.0,
      0.47058823529411764,
      0.29411764705882354,
      1.0,
      0.4375,
      1.0,
      1.0,
      0.8,
      1.0,
      1.0,
      0.29411764705882354,
      0.6111111111111112,
      0.3,
      1.0,
      0.5,
      1.0,
      0.2777777777777778,
      1.0,
      1.0,
      0.5263157894736842,
      1.0,
      0.7857142857142857,
      1.0,
      0.21052631578947367,
      0.625,
      0.26666666666666666,
      1.0,
      0.15,
      1.0,
      1.0,
      0.6428571428571429,
      1.0,
      0.9230769230769231,
      1.0,
      0.5714285714285714,
      0.9166666666666666,
      1.0,
      0.75,
      0.375,
      1.0,
      1.0,
      0.6470588235294118,
      1.0,
      1.0,
      0.3,
      1.0,
      0.6111111111111112,
      1.0,
      1.0,
      0.25,
      0.3157894736842105,
      1.0,
      1.0,
      0.35294117647058826,
      1.0,
      0.5555555555555556,
      1.0,
      1.0,
      0.9285714285714286,
      0.4375,
      1.0,
      1.0,
      0.9285714285714286,
      1.0,
      1.0,
      0.3157894736842105,
      1.0,
      1.0
    ],
    "latency_ms": [
      109.33109310574694,
      61.70728445688164,
      395.1366816285614,
      645.7924236755798,
      305.4242048700086,
      416.5861755134375,
      494.21702824779857,
      193.49674401371425,
      604.4817254958725,
      66.73010472511511,
      417.6594154465573,
      438.69824993819486,
      216.20328950664398,
      131.3107996601438,
      246.5066625418134,
      199.64999414856453,
      271.7575807596479,
      394.95014150705003,
      417.3848409598436,
      286.8597489487452,
      238.54329169559,
      456.63020810395517,
      516.6575923823784,
      386.5937083813238,
      346.4870983790689,
      424.8484440094822,
      156.60320841829545,
      602.9306596842952,
      52.418175748582975,
      119.25802374008552,
      209.49365032285561,
      317.4149670517196,
      221.39868062873273,
      404.3766641197419,
      395.8757275937712,
      62.43592549421569,
      596.3108336334935,
      360.12158138827806,
      128.81461497072183,
      490.86760219641315,
      46.306688263142604,
      115.86240402810469,
      189.00573701762568,
      561.3981822796047,
      332.3330260272915,
      514.0989837121538,
      633.0073696303368,
      660.345924188923,
      363.6499142841027,
      285.13480487118176,
      116.42670572161296,
      579.2481599974988,
      364.0383690851554,
      736.0997480442509,
      145.23771553963167,
      332.7991401075124,
      614.6942208623715,
      196.25605413418933,
      245.99420784878134,
      225.959688622117,
      72.02033571869386,
      51.403427692134244,
      712.549000561303,
      68.79863440583696,
      490.38150366314375,
      233.32660781931617,
      441.67823224011573,
      382.0421908528716,
      153.52838635808953,
      363.1152893046832,
      369.8948510947455,
      267.9318724277921,
      189.06297135252848,
      470.64319192457174,
      187.99066041166185,
      37.79564549219511,
      404.09817414412794,
      76.4355030364842,
      645.2431524017968,
      97.83612790507568,
      47.85131089064424,
      504.2054299118964,
      395.55374338616167,
      297.09874186428664,
      161.92799167684257,
      530.41644719679,
      400.71414487312256,
      425.1059068464149,
      133.30614621929666,
      48.09612273661813,
      696.425236882964,
      668.2599267574176,
      401.52376715516095,
      317.1904549291729,
      482.0028097002904,
      157.3725252305236,
      245.0126255529225,
      376.36691575,
      39.72478220987027,
      410.70413741030296
    ],
    "deadline_miss": [
      0,
      0,
      0,
      0,
      0,
      0,
      0,
      0,
      0,
      0,
      0,
      0,
      0,
      0,
      0,
      0,
      0,
      0,
      0,
      0,
      0,
      0,
      0,
      0,
      0,
      0,
      0,
      0,
      0,
      0,
      0,
      0,
      0,
      0,
      0,
      0,
      0,
      0,
      0,
      0,
      0,
      0,
      0,
      0,
      0,
      0,
      0,
      0,
      0,
      0,
      0,
      0,
      0,
      0,
      0,
      0,
      0,
      0,
      0,
      0,
      0,
      0,
      0,
      0,
      0,
      0,
      0,
      0,
      0,
      0,
      0,
      0,
      0,
      0,
      0,
      0,
      0,
      0,
      0,
      0,
      0,
      0,
      0,
      0,
      0,
      0,
      0,
      0,
      0,
      0,
      0,
      0,
      0,
      0,
      0,
      0,
      0,
      0,
      0,
      0
    ],