{
  "method": "ns",
  "seed": 0,
  "summary": {
    "reward": 317.205,
    "success_rate": 0.9216150793650795,
    "latency_ms": 515.3392488959286,
    "deadline_miss": 0.0,
    "reschedule_count": 2.02,
    "num_task_nodes": 6.92,
    "episode_steps": 50.0
  },
  "episodes": {
    "reward": [
      200.0,
      250.0,
      150.0,
      342.0,
      297.5,
      400.0,
      200.0,
      340.0,
      250.0,
      343.0,
      300.0,
      345.0,
      404.5,
      325.0,
      250.0,
      349.5,
      200.0,
      432.0,
      399.0,
      410.5,
      382.5,
      450.0,
      382.5,
      250.0,
      424.5,
      299.0,
      395.0,
      300.0,
      250.0,
      150.0,
      391.0,
      350.5,
      250.0,
      296.0,
      150.0,
      346.5,
      365.5,
      200.0,
      323.5,
      369.0,
      306.5,
      294.5,
      150.0,
      275.0,
      250.0,
      150.0,
      293.5,
      488.0,
      347.0,
      200.0,
      306.5,
      386.0,
      402.5,
      328.0,
      250.0,
      335.0,
      373.0,
      391.5,
      342.0,
      422.5,
      319.5,
      341.5,
      303.5,
      300.0,
      342.0,
      368.0,
      300.0,
      200.0,
      300.0,
      200.0,
      407.0,
      351.5,
      350.0,
      200.0,
      436.0,
      346.5,
      371.0,
      368.5,
      150.0,
      376.5,
      342.0,
      200.0,
      383.5,
      404.0,
      382.0,
      354.0,
      200.0,
      423.0,
      450.0,
      335.0,
      300.0,
      250.0,
      250.0,
      435.0,
      250.0,
      400.0,
      250.0,
      395.5,
      200.0,
      380.0
    ],
    "success_rate": [
      1.0,
      1.0,
      1.0,
      1.0,
      1.0,
      0.7,
      1.0,
      0.8571428571428571,
      1.0,
      1.0,
      1.0,
      1.0,
      0.8888888888888888,
      1.0,
      1.0,
      0.6,
      1.0,
      0.7,
      1.0,
      0.8888888888888888,
      0.7,
      1.0,
      0.6666666666666666,
      1.0,
      0.5,
      1.0,
      0.8888888888888888,
      1.0,
      1.0,
      1.0,
      1.0,
      1.0,
      1.0,
      1.0,
      1.0,
      1.0,
      1.0,
      1.0,
      0.8571428571428571,
      1.0,
      1.0,
      1.0,
      1.0,
      1.0,
      1.0,
      1.0,
      1.0,
      1.0,
      1.0,
      1.0,
      1.0,
      0.6,
      0.8888888888888888,
      0.5,
      1.0,
      0.5555555555555556,
      1.0,
      0.8888888888888888,
      1.0,
      0.8888888888888888,
      1.0,
      1.0,
      0.5555555555555556,
      1.0,
      1.0,
      0.875,
      1.0,
      1.0,
      1.0,
      1.0,
      1.0,
      0.6,
      1.0,
      1.0,
      0.9,
      1.0,
      0.6,
      0.7777777777777778,
      1.0,
      1.0,
      1.0,
      1.0,
      0.5,
      0.9,
      0.6666666666666666,
      0.75,
      1.0,
      0.8,
      1.0,
      1.0,
      1.0,
      1.0,
      1.0,
      1.0,
      1.0,
      1.0,
      1.0,
      1.0,
      1.0,
      0.6666666666666666
    ],
    "latency_ms": [
      206.93809364483712,
      262.73882606959575,
      157.70758706171816,
      325.7387118254704,
      359.0404192858458,
      585.7698970952563,
      345.1547229194675,
      715.9469601469588,
      384.34009767293134,
      555.414339245878,
      299.6149807123485,
      549.6871386856595,
      967.7386377778719,
      652.1752428744368,
      271.96586517704463,
      803.6408367379838,
      257.9448027074595,
      823.219180225305,
      534.3239131679737,
      831.4165765013244,
      831.6642767324545,
      713.9507203697467,
      514.5059088686926,
      300.51994956874245,
      614.0211809704119,
      339.5116495540124,
      792.3067152964203,
      518.5996410668221,
      272.6226974537961,
      142.07886323777612,
      649.8025421269688,
      809.5244309811351,
      252.09005472741921,
      413.6076983748576,
      133.57672087350372,
      437.2916689545345,
      964.7309128196972,
      320.64697568733277,
      625.5949159722395,
      828.1983910873291,
      792.629079170265,
      517.6276880479754,
      126.08413529079668,
      517.2315712974589,
      344.7072748135109,
      210.4624440137172,
      376.1822994868925,
      786.1254750606214,
      539.7605748667792,
      304.1219701188469,
      817.155841836861,
      484.2050634390183,
      821.2895190959725,
      536.6206692709536,
      314.1587069881602,
      453.79148839453,
      755.1579506840201,
      795.8024449051062,
      565.8149990442423,
      894.8971113503587,
      678.7225695457304,
      628.9479947857778,
      663.7812717554458,
      302.859793876673,
      570.5870525006496,
      613.2050273101931,
      257.70280400841654,
      217.2805311962343,
      276.2535458351481,
      339.8212299064733,
      832.2577044020167,
      785.5427011294358,
      487.1395280912985,
      220.71392161337258,
      863.2603206022745,
      389.7134177457005,
      692.0550803095742,
      836.1338343323121,
      183.39668068997452,
      872.8258739166317,
      526.6097328924072,
      210.72014386387303,
      497.3631610940952,
      881.5971785938538,
      634.4767243057208,
      551.3096859260435,
      149.4635002335449,
      804.7878838404517,
      537.7096154027128,
      631.4923925900279,
      345.53762237253466,
      200.4598274410681,
      367.12801082075816,
      837.4792652838386,
      242.01796622400667,
      457.06603661767247,
      230.668963330965,
      626.4255275045592,
      146.4766903673484,
      623.7450258986967
    ],
    "deadline_miss": [
      0,
      0,
      0,
      0,
      0,
      0,
      0,
      0,
      0,
      0,
      0,
      0,
      0,
      0,
      0,
      0,
      0,
      0,
      0,
      0,
      0,
      0,
      0,
      0,
      0,
      0,
      0,
      0,
      0,
      0,
      0,
      0,
      0,
      0,
      0,
      0,
      0,
      0,
      0,
      0,
      0,
      0,
      0,
      0,
      0,
      0,
      0,
      0,
      0,
      0,
      0,
      0,
      0,
      0,
      0,
      0,
      0,
      0,
      0,
      0,
      0,
      0,
      0,
      0,
      0,
      0,
      0,
      0,
      0,
      0,
      0,
      0,
      0,
      0,
      0,
      0,
      0,
      0,
      0,
      0,
      0,
      0,
      0,
      0,
      0,
      0,
      0,
      0,
      0,
      0,
      0,
      0,
      0,
      0,
      0,
      0,
      0,
      0,
      0,
      0
    ],
    "reschedule_count": [
      0,
      0,
      0,
      1,
      1,
      4,
      0,
      3,
      0,
      1,
      0,
      2,
      5,
      1,
      0,
      8,
      0,
      5,
      2,
      3,
      7,
      0,
      4,
      0,
      7,
      1,
      4,
      0,
      0,
      0,
      2,
      4,
      0,
      1,
      0,
      1,
      3,
      0,
      3,
      3,
      4,
      1,
      0,
      1,
      0,
      0,
      1,
      2,
      1,
      0,
      3,
      6,
      5,
      7,
      0,
      5,
      2,
      3,
      1,
      3,
      2,
      1,
      6,
      0,
      1,
      3,
      0,
      0,
      0,
      0,
      3,
      6,
      0,
      0,
      5,
      1,
      7,
      6,
      0,
      3,
      2,
      0,
      6,
      4,
      6,
      3,
      0,
      4,
      0,
      2,
      0,
      0,
      0,
      3,
      0,
      0,
      0,
      1,
      0,
      6
    ],