{
  "method": "rl_global",
  "seed": 4,
  "summary": {
    "reward": 142.91705859019206,
    "success_rate": 0.8285000000000001,
    "latency_ms": 369.1900073294474,
    "deadline_miss": 0.0,
    "reschedule_count": 4.43,
    "num_task_nodes": 16.17,
    "episode_steps": 50.0
  },
  "episodes": {
    "reward": [
      150.25395419710242,
      104.45797097133811,
      109.27517579029094,
      173.58501508662857,
      165.67127688786917,
      100.413556510177,
      125.14508772030607,
      145.22133323599482,
      157.17509002697653,
      81.65137049893086,
      125.66498162256728,
      124.73781357566534,
      174.14893638944923,
      123.70826026410494,
      117.82504783859592,
      159.5116471378363,
      169.2185393659603,
      168.62915546454246,
      92.16156397237799,
      157.13490291351007,
      172.18992399451992,
      164.68883142709154,
      159.3686158369062,
      160.3026129517821,
      166.99795347391776,
      87.77608907027455,
      163.26552357184735,
      169.71994202663785,
      128.24812672596883,
      155.85878022474608,
      87.46929091277035,
      168.78314409531777,
      164.71047146929868,
      168.97433852559783,
      100.86446250650457,
      137.53935167548036,
      98.8635323305754,
      146.08327133265453,
      164.91448291497474,
      166.4390712684604,
      146.02021456556818,
      146.77697009105307,
      166.4807603403373,
      89.76746769981978,
      143.59763203583483,
      109.92127521658179,
      160.69976966537823,
      152.0349656093904,
      101.76602869953318,
      111.18412868973135,
      104.19831941007203,
      155.45267012054668,
      170.82799078564722,
      173.39543666142288,
      157.9429007047853,
      80.39923448858565,
      151.4114484818428,
      163.61633514072142,
      165.31805450748615,
      146.54378179839367,
      169.15776765471367,
      164.17131013855303,
      162.36551424603954,
      148.01997744757784,
      166.33715452074708,
      172.14405851114185,
      105.41264859625849,
      164.4369658560327,
      154.3723149993417,
      162.45608138561977,
      120.4639603717756,
      93.4716444473327,
      134.79146490038121,
      110.98969443112837,
      160.98771805371788,
      140.27634839781797,
      167.94860769095826,
      143.18237048211807,
      157.530569228675,
      173.0010181196021,
      149.91685173502802,
      103.27536644351777,
      160.20087615260877,
      155.8826055776586,
      142.36425200944888,
      153.52914137250704,
      108.83741684957377,
      162.2540211738998,
      95.40905207953497,
      148.34719010307938,
      149.01631739143164,
      166.82039177245844,
      154.31272222494465,
      159.78562820833977,
      159.7845436054301,
      157.64757187347894,
      156.58938329675757,
      152.6464089921739,
      114.30909040809544,
      113.25595775142445
    ],
    "success_rate": [
      1.0,
      0.35,
      0.4,
      1.0,
      1.0,
      0.15,
      0.75,
      0.9,
      1.0,
      0.35,
      0.95,
      0.5,
      1.0,
      0.7,
      0.35,
      1.0,
      1.0,
      1.0,
      0.5,
      1.0,
      1.0,
      1.0,
      1.0,
      1.0,
      1.0,
      0.5,
      1.0,
      1.0,
      0.6,
      1.0,
      0.4,
      1.0,
      1.0,
      1.0,
      0.3,
      0.8,
      0.45,
      1.0,
      1.0,
      1.0,
      0.7,
      1.0,
      1.0,
      0.4,
      1.0,
      0.5,
      1.0,
      1.0,
      0.55,
      0.3,
      0.45,
      1.0,
      1.0,
      1.0,
      1.0,
      0.2,
      0.85,
      1.0,
      1.0,
      1.0,
      1.0,
      1.0,
      1.0,
      1.0,
      1.0,
      1.0,
      0.55,
      1.0,
      1.0,
      1.0,
      0.6,
      0.55,
      0.8,
      0.7,
      1.0,
      0.9,
      1.0,
      0.85,
      1.0,
      1.0,
      0.95,
      0.4,
      1.0,
      1.0,
      0.95,
      0.95,
      0.55,
      1.0,
      0.3,
      0.95,
      0.9,
      1.0,
      1.0,
      1.0,
      1.0,
      1.0,
      0.9,
      1.0,
      0.55,
      0.6
    ],
    "latency_ms": [
      645.3110289744724,
      123.35609478345711,
      266.50429445514055,
      38.35506464962577,
      133.2385403913154,
      312.2372347960729,
      555.6850564639386,
      575.6298019869049,
      325.3304569380394,
      514.0225381603545,
      961.840660365868,
      282.24732326019443,
      30.935047507247805,
      480.17936651438356,
      336.1198067403366,
      334.33734476509835,
      103.72433799067734,
      130.6933731040045,
      791.4084278061641,
      418.30203982286696,
      56.74980478172067,
      247.3889518034896,
      449.4057634648478,
      325.3063660619563,
      150.5341534496864,
      478.4904826151668,
      271.98968698782886,
      87.49742529642009,
      324.2960037052876,
      414.03676203761916,
      679.2384076842661,
      109.73514361892276,
      175.36974951566194,
      116.94381730475537,
      304.0274622256137,
      648.1047572455028,
      408.63371350106263,
      695.8414578007489,
      171.17299512794693,
      158.56973316186327,
      263.9739911891478,
      762.1403604271701,
      183.0970881087923,
      607.2256633085999,
      830.7391010729926,
      368.14072370525616,
      286.0446450185402,
      661.425738456152,
      539.6906607585531,
      525.9623880430916,
      438.46298500840027,
      494.07477844650435,
      89.89727695073451,
      40.84951761285857,
      379.31988078196497,
      340.46181290571565,
      561.1853286119465,
      215.53264385091657,
      168.11413969246274,
      690.1653832879008,
      105.7943075678804,
      190.26614610210953,
      198.56568432370534,
      675.7189124428592,
      235.33215385952474,
      61.5977788517075,
      446.41766061675054,
      168.95318136048755,
      511.45924223471417,
      209.2969395902977,
      213.48588400703497,
      357.99865357302434,
      589.519159866408,
      525.0227976026072,
      278.06524365332393,
      637.3902741398568,
      131.3923164223252,
      638.2627176333258,
      350.79228160742497,
      46.039235268392986,
      473.07960647314894,
      357.1023716730557,
      257.95423105555795,
      427.3904118138923,
      778.370916770558,
      430.8822402842882,
      398.4334995329369,
      292.446964300857,
      398.3722487037462,
      600.5248265716152,
      372.677956667525,
      139.9900305946831,
      427.05073172005075,
      361.55103837219633,
      272.42739525376584,
      445.8021184831936,
      425.2995258399923,
      523.0890904733712,
      236.0049399425478,
      649.8854335897722
    ],
    "deadline_miss": [
      0,
      0,
      0,
      0,
      0,
      0,
      0,
      0,
      0,
      0,
      0,
      0,
      0,
      0,
      0,
      0,
      0,
      0,
      0,
      0,
      0,
      0,
      0,
      0,
      0,
      0,
      0,
      0,
      0,
      0,
      0,
      0,
      0,
      0,
      0,
      0,
      0,
      0,
      0,
      0,
      0,
      0,
      0,
      0,
      0,
      0,
      0,
      0,
      0,
      0,
      0,
      0,
      0,
      0,
      0,
      0,
      0,
      0,
      0,
      0,
      0,
      0,
      0,
      0,
      0,
      0,
      0,
      0,
      0,
      0,
      0,
      0,
      0,
      0,
      0,
      0,
      0,
      0,
      0,
      0,
      0,
      0,
      0,
      0,
      0,
      0,
      0,
      0,
      0,
      0,
      0,
      0,
      0,
      0,
      0,
      0,
      0,
      0,
      0,
      0
    ],