{
  "method": "rl_global",
  "seed": 1,
  "summary": {
    "reward": 146.64353078315563,
    "success_rate": 0.8410000000000001,
    "latency_ms": 357.62162539304774,
    "deadline_miss": 0.0,
    "reschedule_count": 4.39,
    "num_task_nodes": 17.05,
    "episode_steps": 50.0
  },
  "episodes": {
    "reward": [
      132.33583399372426,
      167.84944792175136,
      167.78674380628146,
      139.62953160829753,
      171.06160265360484,
      125.53853604114389,
      151.56786493558747,
      122.31268868098708,
      146.87673894950657,
      173.7911767765537,
      162.41645259923897,
      156.86737202809522,
      173.2584068814866,
      173.4078184601993,
      171.49206304744206,
      153.38979871328564,
      168.943607119183,
      104.15879087006134,
      165.9478645116573,
      164.2722882505889,
      172.33170037682345,
      144.2908161413037,
      156.95698725757302,
      87.96044483101403,
      132.44278225568283,
      150.51967336742405,
      167.08389385718377,
      132.0716568167512,
      170.25362734167408,
      123.13080187781806,
      161.95064235935612,
      171.07042619811608,
      124.39931814908117,
      136.25575097067932,
      147.57999706841537,
      92.98632649030229,
      171.86129220671037,
      173.0206948616353,
      173.15669020255876,
      154.76548043647088,
      169.26715252502143,
      131.24631134235887,
      142.1151771571089,
      112.46020748619222,
      163.6635936304423,
      81.98617815634647,
      109.04256080146531,
      108.95163819851992,
      170.14562213722186,
      165.15487280912112,
      170.10941116493976,
      162.34452693580846,
      155.371374795968,
      166.02120438260948,
      165.04133771696894,
      161.79317674858726,
      122.71929979562447,
      164.48066726970637,
      164.23047765348917,
      137.84199312974826,
      147.66384431716799,
      171.1178036961008,
      161.1073436945021,
      152.0276680654739,
      115.9201145907017,
      103.6543479396563,
      163.21578797660908,
      159.84257105232896,
      137.8443329450527,
      127.60892080188592,
      151.64799863542038,
      94.1141287252577,
      156.847274892561,
      138.43756958400098,
      134.97200084054163,
      164.23555816701023,
      141.21465068004588,
      114.42923575797332,
      162.3891599584913,
      104.70356403863323,
      155.9451717798465,
      169.90602317400257,
      162.56798148062737,
      158.29206034694116,
      153.72955629564078,
      138.27814589862007,
      98.09417961266863,
      145.9823817486479,
      146.45190042457958,
      119.71405870564685,
      157.9779978687941,
      115.89146469363192,
      170.50398868451396,
      166.24062668286615,
      161.0945107582387,
      153.01823115338175,
      149.2241324950606,
      135.44684402043393,
      144.88021618943185,
      97.13931519007588
    ],
    "success_rate": [
      0.75,
      1.0,
      1.0,
      0.7,
      1.0,
      0.6,
      0.85,
      0.5,
      0.95,
      1.0,
      1.0,
      1.0,
      1.0,
      1.0,
      1.0,
      0.95,
      1.0,
      0.4,
      1.0,
      1.0,
      1.0,
      0.9,
      1.0,
      0.25,
      0.55,
      0.9,
      1.0,
      0.85,
      1.0,
      0.75,
      1.0,
      1.0,
      0.7,
      0.85,
      0.75,
      0.3,
      1.0,
      1.0,
      1.0,
      1.0,
      1.0,
      0.45,
      0.75,
      0.5,
      1.0,
      0.15,
      0.45,
      0.35,
      1.0,
      1.0,
      1.0,
      1.0,
      1.0,
      1.0,
      1.0,
      1.0,
      0.35,
      1.0,
      1.0,
      0.65,
      1.0,
      1.0,
      1.0,
      1.0,
      0.75,
      0.5,
      1.0,
      1.0,
      0.85,
      0.5,
      0.95,
      0.35,
      1.0,
      0.9,
      0.85,
      1.0,
      0.7,
      0.6,
      1.0,
      0.35,
      1.0,
      1.0,
      1.0,
      1.0,
      1.0,
      1.0,
      0.35,
      0.95,
      0.9,
      0.65,
      1.0,
      0.75,
      1.0,
      1.0,
      1.0,
      1.0,
      0.95,
      0.7,
      1.0,
      0.4
    ],
    "latency_ms": [
      546.7245649725056,
      140.38521558186554,
      119.09219706445856,
      578.2263472326904,
      79.31738835428247,
      328.8902453070777,
      487.6691831943598,
      296.86127456604595,
      419.7696882035739,
      35.64241083481846,
      207.7145015807488,
      400.21083873709074,
      42.33361682666455,
      40.68659920790624,
      73.45398164900897,
      458.98899226999663,
      117.18753485505853,
      477.5833770189006,
      283.0343992500787,
      296.2038044488156,
      51.19572055974602,
      604.3450516262794,
      330.7623995555997,
      254.98272820719322,
      374.05048200895664,
      388.78782780453594,
      229.3327922509007,
      682.3171898056618,
      85.96021903109326,
      605.7072440160496,
      327.7361355374935,
      83.6790002950047,
      616.2162686169638,
      763.8180508261307,
      263.9612564426775,
      486.6925411218942,
      68.93272429158893,
      49.90220650582703,
      50.19153325297077,
      406.1056514397917,
      116.96090323225114,
      269.1694621963013,
      456.74940674312694,
      481.3834863799698,
      327.0234357580933,
      290.7029211290085,
      385.9652958823026,
      164.13164907651512,
      103.24682161894864,
      242.43315887896551,
      108.76472634104613,
      269.75650126134695,
      394.72797878164727,
      258.8361771528455,
      161.19013442937552,
      393.1643409559237,
      331.91210226237763,
      218.46010484092668,
      252.5393707447263,
      518.3329484839851,
      632.4676378093608,
      125.41933454216763,
      292.6018887755056,
      607.1685533229036,
      869.4391537554772,
      628.3422637827873,
      202.10945170462992,
      300.60758245353185,
      571.2942747567931,
      171.37386772456364,
      475.4728405758789,
      240.3395771638339,
      394.657914449021,
      688.3133368190663,
      565.237140078268,
      342.7348328937547,
      416.2240653474431,
      581.6326996162069,
      290.6377183290485,
      329.5144377876786,
      488.5644763689793,
      86.88510937993127,
      305.401184031625,
      617.4193471820839,
      432.40235309969376,
      900.261565959312,
      319.03850531025967,
      613.841828855504,
      635.0997193634657,
      496.6262356074367,
      475.7463503956004,
      621.3048472699618,
      83.62930579370581,
      136.72838848186447,
      263.82544806262524,
      542.397048872645,
      577.6124522065132,
      322.39309377618383,
      882.8531116758911,
      334.4394854215776
    ],
    "deadline_miss": [
      0,
      0,
      0,
      0,
      0,
      0,
      0,
      0,
      0,
      0,
      0,
      0,
      0,
      0,
      0,
      0,
      0,
      0,
      0,
      0,
      0,
      0,
      0,
      0,
      0,
      0,
      0,
      0,
      0,
      0,
      0,
      0,
      0,
      0,
      0,
      0,
      0,
      0,
      0,
      0,
      0,
      0,
      0,
      0,
      0,
      0,
      0,
      0,
      0,
      0,
      0,
      0,
      0,
      0,
      0,
      0,
      0,
      0,
      0,
      0,
      0,
      0,
      0,
      0,
      0,
      0,
      0,
      0,
      0,
      0,
      0,
      0,
      0,
      0,
      0,
      0,
      0,
      0,
      0,
      0,
      0,
      0,
      0,
      0,
      0,
      0,
      0,
      0,
      0,
      0,
      0,
      0,
      0,
      0,
      0,
      0,
      0,
      0,
      0,
      0
    ],