{
  "method": "rnd",
  "seed": 0,
  "summary": {
    "reward": 464.17,
    "success_rate": 0.9179999999999999,
    "latency_ms": 553.3823124306978,
    "deadline_miss": 0.01,
    "reschedule_count": 2.18,
    "num_task_nodes": 10.0,
    "episode_steps": 50.0
  },
  "episodes": {
    "reward": [
      482.0,
      490.0,
      479.0,
      496.0,
      492.0,
      400.0,
      472.0,
      474.5,
      485.0,
      492.5,
      494.0,
      493.0,
      470.5,
      490.5,
      486.0,
      349.5,
      485.0,
      432.0,
      487.5,
      451.0,
      382.5,
      497.5,
      431.5,
      489.5,
      424.5,
      492.5,
      475.5,
      490.5,
      480.0,
      462.0,
      494.5,
      454.0,
      487.0,
      488.0,
      479.0,
      495.0,
      457.5,
      485.0,
      463.5,
      477.0,
      465.0,
      483.0,
      478.0,
      491.5,
      490.0,
      478.0,
      489.0,
      488.0,
      497.0,
      485.0,
      444.0,
      386.0,
      461.5,
      328.0,
      461.0,
      368.5,
      471.0,
      444.5,
      496.0,
      443.0,
      454.0,
      494.0,
      353.5,
      494.0,
      479.0,
      459.0,
      489.5,
      480.0,
      494.0,
      468.5,
      448.0,
      351.5,
      495.0,
      485.0,
      436.0,
      493.5,
      371.0,
      407.0,
      464.0,
      473.0,
      488.5,
      485.0,
      383.5,
      404.0,
      424.5,
      451.0,
      479.0,
      423.0,
      500.0,
      489.0,
      486.0,
      490.0,
      485.5,
      482.5,
      490.0,
      494.0,
      490.0,
      494.5,
      485.0,
      446.0
    ],
    "success_rate": [
      1.0,
      1.0,
      1.0,
      1.0,
      1.0,
      0.7,
      1.0,
      0.9,
      1.0,
      1.0,
      1.0,
      1.0,
      0.8,
      1.0,
      1.0,
      0.6,
      1.0,
      0.7,
      1.0,
      0.9,
      0.7,
      0.9,
      0.8,
      1.0,
      0.5,
      1.0,
      1.0,
      1.0,
      1.0,
      1.0,
      1.0,
      0.9,
      1.0,
      1.0,
      1.0,
      1.0,
      0.9,
      1.0,
      1.0,
      1.0,
      1.0,
      1.0,
      1.0,
      1.0,
      1.0,
      1.0,
      1.0,
      1.0,
      1.0,
      1.0,
      0.9,
      0.6,
      0.9,
      0.5,
      1.0,
      0.6,
      1.0,
      0.8,
      1.0,
      0.5,
      0.9,
      1.0,
      0.7,
      1.0,
      1.0,
      0.9,
      1.0,
      1.0,
      1.0,
      1.0,
      0.8,
      0.6,
      1.0,
      1.0,
      0.9,
      1.0,
      0.6,
      0.7,
      1.0,
      1.0,
      1.0,
      1.0,
      0.5,
      0.9,
      0.8,
      0.9,
      1.0,
      0.8,
      1.0,
      1.0,
      1.0,
      1.0,
      1.0,
      1.0,
      1.0,
      1.0,
      1.0,
      1.0,
      1.0,
      0.7
    ],
    "latency_ms": [
      269.45490190527454,
      371.17335924550406,
      140.9379366873186,
      326.1834514992565,
      399.02132821989653,
      585.7698970952563,
      498.76904152641987,
      747.5001472661697,
      499.9677098944962,
      629.0046607801047,
      336.85291517182213,
      617.8275160147435,
      769.1766885957948,
      719.5010791469879,
      238.14862229879742,
      803.6408367379838,
      232.98262562979306,
      823.219180225305,
      556.6258320426329,
      828.9269990895899,
      831.6642767324545,
      844.7587856179082,
      599.1020450348987,
      420.4406494424441,
      614.0211809704119,
      363.49548263895133,
      943.8559258392984,
      543.1146479838577,
      212.47232595654947,
      150.76066698728374,
      659.3190350154467,
      669.6523373694528,
      285.44123047076886,
      549.7596912166558,
      154.53183635960266,
      572.1788803595441,
      814.4498684684252,
      458.4821172017278,
      769.7597038895528,
      792.2070189414593,
      743.3610893921747,
      562.1261376011513,
      166.05815237703192,
      582.3369416487558,
      373.7699397155849,
      248.07699584754107,
      530.9938918031705,
      786.1254750606214,
      613.6330135977083,
      291.3409213591167,
      676.0051441496395,
      483.5487801240252,
      852.1710906519533,
      536.6206692709536,
      493.48322243457784,
      491.4013817095388,
      806.814155028206,
      750.8106468798017,
      613.7916513999093,
      549.0137940977846,
      630.0370097059663,
      655.917147792416,
      850.5711409182835,
      331.94764437714696,
      611.643095261198,
      604.3115612587648,
      377.1053866118467,
      251.78600799409372,
      303.4089304367283,
      557.0388104379416,
      764.7828873272076,
      785.5427011294358,
      546.707832620474,
      237.994431495359,
      863.2603206022745,
      494.4162114179975,
      692.0550803095742,
      772.4717772664646,
      240.91828594287574,
      888.2899858328825,
      539.8225492957115,
      229.4682607569603,
      497.3631610940952,
      881.5971785938538,
      793.4172649154048,
      807.6618458483665,
      176.46457329601523,
      824.4044195634474,
      534.474830361994,
      655.4870233012198,
      525.7220566066574,
      220.60642756879733,
      531.9151293436107,
      1038.3010807606267,
      243.5331790903683,
      597.3952300622404,
      341.01015821102646,
      669.8488349978549,
      168.53774588731224,
      805.3585150561939
    ],
    "deadline_miss": [
      0,
      0,
      0,
      0,
      0,
      0,
      0,
      0,
      0,
      0,
      0,
      0,
      0,
      0,
      0,
      0,
      0,
      0,
      0,
      0,
      0,
      0,
      0,
      0,
      0,
      0,
      0,
      0,
      0,
      0,
      0,
      0,
      0,
      0,
      0,
      0,
      0,
      0,
      0,
      0,
      0,
      0,
      0,
      0,
      0,
      0,
      0,
      0,
      0,
      0,
      0,
      0,
      0,
      0,
      0,
      0,
      0,
      0,
      0,
      0,
      0,
      0,
      0,
      0,
      0,
      0,
      0,
      0,
      0,
      0,
      0,
      0,
      0,
      0,
      0,
      0,
      0,
      0,
      0,
      0,
      0,
      0,
      0,
      0,
      0,
      0,
      0,
      0,
      0,
      0,
      0,
      0,
      0,
      1,
      0,
      0,
      0,
      0,
      0,
      0
    ],
    "reschedule_count": [
      0,
      0,
      0,
      0,
      0,
      4,
      1,
      4,
      0,
      1,
      0,
      1,
      4,
      1,
      0,
      8,
      0,
      5,
      2,
      4,
      7,
      3,
      4,
      1,
      7,
      1,
      4,
      1,
      0,
      0,
      1,
      3,
      0,
      1,
      0,
      0,
      2,
      0,
      3,
      4,
      2,
      1,
      0,
      1,
      0,
      0,
      1,
      2,
      0,
      0,
      3,
      6,
      6,
      7,
      1,
      5,
      3,
      5,
      0,
      6,
      2,
      0,
      6,
      0,
      2,
      3,
      1,
      0,
      0,
      2,
      5,
      6,
      0,
      0,
      5,
      1,
      7,
      6,
      1,
      3,
      1,
      0,
      6,
      4,
      6,
      5,
      0,
      4,
      0,
      1,
      1,
      0,
      1,
      4,
      0,
      1,
      0,
      1,
      0,
      7
    ],