{
  "method": "rnd",
  "seed": 4,
  "summary": {
    "reward": 131.0840089599137,
    "success_rate": 0.7765,
    "latency_ms": 402.26148331984894,
    "deadline_miss": 0.01,
    "reschedule_count": 5.6,
    "num_task_nodes": 19.87,
    "episode_steps": 50.0
  },
  "episodes": {
    "reward": [
      130.0953838940091,
      102.46175673717559,
      108.0709022414056,
      159.9998144021098,
      150.81497359722414,
      94.16978023115935,
      109.49976030740966,
      128.2235455068732,
      141.61694935179915,
      80.8524920480116,
      112.78215274552203,
      134.84073496533262,
      165.2316798525716,
      98.61530917300792,
      101.853910723525,
      150.2258577681835,
      152.5559654748359,
      154.16574863588355,
      87.31004476971744,
      142.19144973629875,
      166.64632322842442,
      153.44381548434802,
      134.8948902682948,
      140.60955514148392,
      144.13773991594198,
      101.05663440098311,
      150.2391206326654,
      154.16113629042044,
      125.339247099604,
      138.03079237173395,
      88.18721070222657,
      140.8261169703686,
      147.75228649144253,
      152.80455813895523,
      111.91000970681675,
      117.28224259757552,
      92.78040354070353,
      134.61941293613614,
      152.89977264947024,
      154.05816391813383,
      134.9482247233323,
      134.42585070029247,
      153.87929141097123,
      80.36187439232539,
      127.06919101616558,
      111.55702755412275,
      145.96771604076662,
      135.72835797081905,
      89.0148650809288,
      105.42972059806111,
      103.12898814940337,
      140.61792547696666,
      151.27628581420112,
      169.38710056048004,
      143.60299436167097,
      92.44702514306262,
      139.77397659890983,
      144.21141767652273,
      147.21018538596454,
      131.4054327711122,
      158.08063010700914,
      146.32278767604043,
      148.12670439554591,
      127.70567409619726,
      155.9704048199949,
      170.63013983594476,
      94.96065541796614,
      149.03172908443761,
      133.0543300596555,
      153.5419669030581,
      110.62138774785183,
      80.14542050168875,
      123.57872703975815,
      99.48031980295723,
      137.32349278013666,
      126.58039212212591,
      149.12994182696107,
      133.18280916020436,
      139.63583641327153,
      157.53212654977807,
      145.63620313251224,
      93.76588404196137,
      145.17968578907815,
      137.5811052130589,
      133.554995023093,
      142.2545505939775,
      94.64766420822764,
      154.88205174585673,
      97.27615897796119,
      131.05766939570242,
      141.54917904314777,
      135.96506487535336,
      135.60254581782573,
      144.51719443952098,
      144.60783237731695,
      137.9875677512256,
      148.39523955419432,
      135.52376760790727,
      123.10058498764015,
      101.97937900136266
    ],
    "success_rate": [
      0.95,
      0.35,
      0.4,
      1.0,
      1.0,
      0.4,
      0.4,
      0.85,
      1.0,
      0.35,
      0.65,
      0.85,
      1.0,
      0.35,
      0.4,
      0.95,
      1.0,
      1.0,
      0.15,
      0.95,
      1.0,
      1.0,
      0.95,
      0.95,
      1.0,
      0.35,
      0.95,
      1.0,
      0.8,
      0.95,
      0.45,
      1.0,
      1.0,
      1.0,
      0.6,
      0.45,
      0.4,
      0.9,
      1.0,
      1.0,
      0.85,
      0.95,
      1.0,
      0.35,
      0.8,
      0.4,
      1.0,
      0.95,
      0.3,
      0.35,
      0.3,
      0.95,
      1.0,
      1.0,
      0.95,
      0.2,
      0.85,
      1.0,
      1.0,
      0.55,
      1.0,
      1.0,
      1.0,
      1.0,
      0.95,
      1.0,
      0.35,
      1.0,
      0.95,
      1.0,
      0.45,
      0.25,
      0.55,
      0.35,
      0.95,
      0.8,
      0.95,
      0.95,
      0.95,
      1.0,
      0.95,
      0.3,
      0.95,
      1.0,
      0.9,
      0.85,
      0.25,
      1.0,
      0.4,
      0.7,
      0.95,
      1.0,
      0.95,
      1.0,
      1.0,
      0.95,
      0.85,
      0.95,
      0.4,
      0.35
    ],
    "latency_ms": [
      448.6342390514196,
      298.91321390526576,
      558.5140901126308,
      229.2541755718165,
      358.0030247126717,
      437.7637997187801,
      293.2148771562713,
      485.7299107407527,
      582.8502542511947,
      297.06062847581586,
      669.128953756169,
      456.97879341128817,
      323.80657920460794,
      591.8674882074184,
      488.81067155756716,
      168.71459258138654,
      260.14790076104276,
      342.5810198773829,
      149.24047576152066,
      266.9091640332805,
      138.361818121209,
      400.05764854328527,
      447.499026860343,
      236.0472737870522,
      587.1047869005688,
      299.8606672427988,
      163.86242161775235,
      363.10550986190947,
      398.81610551609083,
      327.72998770919844,
      603.390755509144,
      484.13484075466164,
      381.78004818425404,
      334.58229438236003,
      291.1568689664522,
      621.3809046835323,
      383.43794426488944,
      289.653608648308,
      324.55277368200825,
      348.3739294078043,
      432.58795991469174,
      458.27012732888977,
      362.22164468300707,
      587.1579165947489,
      444.78062161733453,
      285.2412536971329,
      489.4991646933039,
      680.0922516177152,
      374.48552483861283,
      438.02904212962346,
      446.57402059879587,
      274.7377718773625,
      363.59542517323007,
      226.8743151403012,
      354.33497545973074,
      321.1814210793558,
      385.95011368086267,
      518.3138026073872,
      543.8834425457264,
      806.9317968304042,
      219.2369915214506,
      370.34074681796676,
      501.4576747055076,
      1049.8994905023085,
      188.5945274014246,
      153.2706791005903,
      374.48867383059167,
      460.45611684345977,
      468.8726309795035,
      324.7000392704662,
      406.1705551937913,
      302.68117501049375,
      705.2188543228909,
      467.87364594247254,
      378.583292189715,
      310.17247134795514,
      172.26866746436232,
      555.058042245279,
      332.48687666477656,
      322.2315577382133,
      365.5629838853748,
      480.7234029154122,
      326.6880111922764,
      547.9416961412537,
      480.21326137096963,
      230.64837404596958,
      238.70142580348534,
      331.6287962264141,
      396.9619418863767,
      256.4472250704829,
      392.929315979032,
      651.9011167469336,
      480.58007127069095,
      515.2638290999055,
      437.13805025284887,
      457.15877554603867,
      230.06819448402467,
      474.97317420827403,
      406.3280277311306,
      532.4722894346585
    ],
    "deadline_miss": [
      0,
      0,
      0,
      0,
      0,
      0,
      0,
      0,
      0,
      0,
      0,
      0,
      0,
      0,
      0,
      0,
      0,
      0,
      0,
      0,
      0,
      0,
      0,
      0,
      0,
      0,
      0,
      0,
      0,
      0,
      0,
      0,
      0,
      0,
      0,
      0,
      0,
      0,
      0,
      0,
      0,
      0,
      0,
      0,
      0,
      0,
      0,
      0,
      0,
      0,
      0,
      0,
      0,
      0,
      0,
      0,
      0,
      0,
      0,
      0,
      0,
      0,
      0,
      1,
      0,
      0,
      0,
      0,
      0,
      0,
      0,
      0,
      0,
      0,
      0,
      0,
      0,
      0,
      0,
      0,
      0,
      0,
      0,
      0,
      0,
      0,
      0,
      0,
      0,
      0,
      0,
      0,
      0,
      0,
      0,
      0,
      0,
      0,
      0,
      0
    ],