{
  "method": "hs",
  "seed": 3,
  "summary": {
    "reward": 147.2487110881583,
    "success_rate": 0.8376832841650952,
    "latency_ms": 308.4627005276634,
    "deadline_miss": 0.0,
    "reschedule_count": 4.05,
    "num_task_nodes": 11.32,
    "episode_steps": 50.0
  },
  "episodes": {
    "reward": [
      127.14645061901474,
      123.14592720384044,
      156.70949695975105,
      130.24196326798307,
      90.84533994905497,
      146.47689678291925,
      69.13521195385863,
      169.0722717689176,
      91.77478588585898,
      171.65608580597393,
      158.70083036213214,
      100.53287446264314,
      163.88416992593943,
      167.40942016002083,
      173.48168942804762,
      157.49057463748682,
      171.63872230172922,
      160.28507593652935,
      154.51563798991475,
      162.24257713017553,
      138.7029712293445,
      103.76953021974312,
      173.15434093365695,
      80.49819957919756,
      107.242300347313,
      165.64958228076358,
      169.4768655142599,
      158.0884718544165,
      157.86577709273024,
      160.54561507621563,
      134.05941395064724,
      161.23540487272345,
      122.80325419139717,
      168.0438404231888,
      162.01709461549777,
      136.26718382201406,
      170.76116205945436,
      158.20524968836676,
      171.12228072360475,
      144.65408211474124,
      143.1340361138439,
      165.5125310752797,
      161.5883543214595,
      73.87762422741152,
      160.50067349968225,
      168.25137261976326,
      130.6927200315887,
      170.77621650201937,
      170.43465340496095,
      160.76063205145135,
      89.6654136053679,
      169.1746858912779,
      167.46317433455872,
      123.70417433689924,
      161.0571355130659,
      170.89019329978657,
      168.24518559291897,
      172.5685346734422,
      114.64478959085696,
      153.77793757483016,
      170.54465106547633,
      156.0526527615429,
      162.73331352904393,
      163.44178576976134,
      140.780349256953,
      165.52991672367213,
      136.54452487769535,
      138.40879810235342,
      119.01360427833107,
      163.28220710013545,
      147.90981009734534,
      166.68328974805402,
      151.66190931291786,
      165.7878867570002,
      165.78799234158498,
      152.49806494488965,
      166.25326293739198,
      156.74482916307176,
      167.7205652180074,
      163.14465543177585,
      111.39336416038675,
      110.86504470273019,
      171.26694881492904,
      169.1062119168345,
      166.11280399219547,
      161.78418545890923,
      123.54135589453533,
      149.08954556813785,
      149.88691467255967,
      86.62014656798722,
      113.16278671975516,
      144.22970033246054,
      142.55318360280944,
      161.6381372613834,
      160.1687461084114,
      112.96870555854474,
      171.5097551178301,
      136.7621057656121,
      144.06183450890032,
      130.35690129238003
    ],
    "success_rate": [
      0.6,
      0.5,
      1.0,
      0.6,
      0.25,
      0.9230769230769231,
      0.2,
      1.0,
      0.3684210526315789,
      1.0,
      1.0,
      0.3,
      1.0,
      1.0,
      1.0,
      1.0,
      1.0,
      1.0,
      1.0,
      1.0,
      0.9090909090909091,
      0.4,
      1.0,
      0.15,
      0.45,
      1.0,
      1.0,
      1.0,
      1.0,
      1.0,
      0.7333333333333333,
      1.0,
      0.4375,
      1.0,
      1.0,
      0.75,
      1.0,
      1.0,
      1.0,
      1.0,
      0.9230769230769231,
      1.0,
      1.0,
      0.1,
      1.0,
      1.0,
      0.5882352941176471,
      1.0,
      1.0,
      1.0,
      0.25,
      1.0,
      1.0,
      0.65,
      1.0,
      1.0,
      1.0,
      1.0,
      0.2777777777777778,
      1.0,
      1.0,
      1.0,
      1.0,
      1.0,
      1.0,
      1.0,
      0.7058823529411765,
      0.75,
      0.5,
      1.0,
      0.7692307692307693,
      1.0,
      1.0,
      1.0,
      1.0,
      1.0,
      1.0,
      1.0,
      1.0,
      1.0,
      0.6,
      0.35294117647058826,
      1.0,
      1.0,
      1.0,
      1.0,
      0.85,
      0.8,
      0.9285714285714286,
      0.3,
      0.4,
      0.9285714285714286,
      1.0,
      1.0,
      1.0,
      0.3333333333333333,
      1.0,
      0.7142857142857143,
      0.875,
      0.6
    ],
    "latency_ms": [
      630.0822070023414,
      447.7528942265197,
      410.9787734464637,
      630.8277517498811,
      275.8519259305146,
      510.45501652676285,
      403.38298161720513,
      109.33298727331633,
      532.3525839127376,
      68.04492916427884,
      281.3709828986821,
      168.22006163070424,
      243.629976922095,
      128.96334782685085,
      39.714612788849124,
      337.24920452280895,
      63.96418024040465,
      321.4657559347995,
      319.58345557685556,
      208.06209644625466,
      544.2272552012387,
      524.1165495603557,
      45.621595989524955,
      200.44556517890697,
      422.07524626828956,
      153.68398924985135,
      95.78889409110492,
      311.74382445939835,
      364.47372810452407,
      305.5869375456132,
      494.50566417923505,
      251.66170369572643,
      438.5168340183287,
      115.61324153862611,
      217.68431068629994,
      431.48075228111907,
      72.80820914094751,
      330.8027928756212,
      75.88558538940171,
      726.6119365747132,
      775.6320470483705,
      163.98772711913784,
      269.940098571602,
      201.21828124695338,
      295.0564729651971,
      127.2813039451859,
      520.889635134699,
      75.40329862848908,
      97.66331229450907,
      257.3837718579189,
      266.4630039406201,
      116.07571971752455,
      142.8682873767755,
      447.3611251932474,
      240.13338290800402,
      76.65814188792504,
      149.67427231896022,
      50.955896772196716,
      373.1132372290349,
      483.78547247841465,
      92.17213500321935,
      356.74670367533645,
      178.21191378894858,
      202.28482705714188,
      861.3317139111803,
      170.45699699728198,
      301.49560177370205,
      500.7151637127742,
      269.3687326115205,
      217.0182112279876,
      557.904412656696,
      165.77263935591307,
      675.6310587764136,
      169.56838911663547,
      178.12340201881918,
      487.0962366359892,
      193.05055259408266,
      329.8743801654497,
      148.53567755046805,
      169.24102139014232,
      701.478873820653,
      362.5833331736743,
      70.29514091375125,
      118.7540153255455,
      120.54657356596176,
      224.33574551674783,
      767.1878612788068,
      497.01941129442724,
      479.928796777863,
      243.1318216996745,
      256.3714453227248,
      621.3793940885604,
      826.1122737436314,
      253.66681036592183,
      234.90581829699244,
      259.1971704561877,
      61.39573232211599,
      416.305279358521,
      456.1944843068187,
      264.7154708161408
    ],
    "deadline_miss": [
      0,
      0,
      0,
      0,
      0,
      0,
      0,
      0,
      0,
      0,
      0,
      0,
      0,
      0,
      0,
      0,
      0,
      0,
      0,
      0,
      0,
      0,
      0,
      0,
      0,
      0,
      0,
      0,
      0,
      0,
      0,
      0,
      0,
      0,
      0,
      0,
      0,
      0,
      0,
      0,
      0,
      0,
      0,
      0,
      0,
      0,
      0,
      0,
      0,
      0,
      0,
      0,
      0,
      0,
      0,
      0,
      0,
      0,
      0,
      0,
      0,
      0,
      0,
      0,
      0,
      0,
      0,
      0,
      0,
      0,
      0,
      0,
      0,
      0,
      0,
      0,
      0,
      0,
      0,
      0,
      0,
      0,
      0,
      0,
      0,
      0,
      0,
      0,
      0,
      0,
      0,
      0,
      0,
      0,
      0,
      0,
      0,
      0,
      0,
      0
    ],