{
  "method": "hs",
  "seed": 2,
  "summary": {
    "reward": 147.7463158002745,
    "success_rate": 0.8330118965142187,
    "latency_ms": 323.7759649940879,
    "deadline_miss": 0.0,
    "reschedule_count": 4.12,
    "num_task_nodes": 11.41,
    "episode_steps": 50.0
  },
  "episodes": {
    "reward": [
      151.7202892199323,
      112.91568862037678,
      172.290709633559,
      167.4508702069716,
      173.20754056790773,
      145.08230364644777,
      173.0674991471804,
      138.65508556761318,
      157.42076231497356,
      168.625504518156,
      155.71012754521908,
      125.17873121029447,
      127.13125410623906,
      101.67649359752343,
      153.51803197607893,
      112.2045272951665,
      155.91690843142433,
      98.38013930529861,
      130.0580246628029,
      143.7003145586905,
      170.28680725668906,
      110.03892291779499,
      164.49540590974163,
      161.42312582104176,
      163.44926979671072,
      160.8175017563848,
      162.02668360221807,
      170.95027147925197,
      172.8164177619844,
      121.71511460298382,
      158.46178198523836,
      150.53526447337555,
      97.13934452647256,
      146.96281340368427,
      159.8838908697428,
      112.2497878664994,
      148.96941546847162,
      154.19363185203622,
      158.38147455556168,
      94.23313659553402,
      149.08555237073693,
      140.38619021816893,
      169.42464243127364,
      117.00819079590501,
      172.47045741866063,
      159.84585052780534,
      133.647436314932,
      161.9257541085353,
      136.39249549087762,
      162.46993921184472,
      168.8201510912536,
      169.65668910600533,
      168.71978728875763,
      162.4782768215242,
      167.3425151092108,
      91.63981286616306,
      159.85151470704733,
      105.85226259396734,
      167.95417991134306,
      156.6414956624971,
      145.57963256077633,
      169.94315832266744,
      168.56877374974687,
      98.69196075107472,
      99.65803218803987,
      166.5038544599815,
      163.66372644437027,
      170.85803999169056,
      170.30424240659156,
      136.987842486703,
      170.23216161850246,
      144.20575614804793,
      165.01866936522313,
      151.72899876569514,
      149.13422839872916,
      167.77900306033987,
      118.15782332854579,
      166.83276695059163,
      158.64642201579542,
      167.1215248559325,
      163.51307444361458,
      118.84479868129553,
      74.5026614422913,
      166.74732576105032,
      171.75767363820975,
      123.7531825837685,
      154.1166708591638,
      160.1118845292045,
      166.0735783460176,
      159.32053121614754,
      123.12684363501222,
      170.0016742909533,
      122.3336085521493,
      139.54055132922844,
      160.54558634508,
      145.82284748760438,
      147.01137107167574,
      132.06133326182936,
      128.82109643257797,
      172.4546055717476
    ],
    "success_rate": [
      1.0,
      0.5263157894736842,
      1.0,
      1.0,
      1.0,
      1.0,
      1.0,
      0.7857142857142857,
      1.0,
      1.0,
      1.0,
      0.35294117647058826,
      0.7,
      0.25,
      1.0,
      0.55,
      1.0,
      0.35,
      0.5333333333333333,
      0.9230769230769231,
      1.0,
      0.3684210526315789,
      1.0,
      1.0,
      1.0,
      1.0,
      1.0,
      1.0,
      1.0,
      0.35714285714285715,
      1.0,
      1.0,
      0.3157894736842105,
      0.8571428571428571,
      1.0,
      0.45,
      1.0,
      0.8333333333333334,
      1.0,
      0.3,
      1.0,
      1.0,
      1.0,
      0.3333333333333333,
      1.0,
      1.0,
      0.6666666666666666,
      1.0,
      0.75,
      1.0,
      1.0,
      1.0,
      1.0,
      1.0,
      1.0,
      0.25,
      1.0,
      0.5,
      1.0,
      1.0,
      0.8888888888888888,
      1.0,
      1.0,
      0.4444444444444444,
      0.3157894736842105,
      1.0,
      1.0,
      1.0,
      1.0,
      0.5882352941176471,
      1.0,
      0.8947368421052632,
      1.0,
      1.0,
      0.8333333333333334,
      1.0,
      0.5625,
      1.0,
      1.0,
      1.0,
      1.0,
      0.5,
      0.15,
      1.0,
      1.0,
      0.6,
      0.9333333333333333,
      1.0,
      1.0,
      1.0,
      0.5,
      1.0,
      0.65,
      0.5625,
      1.0,
      0.7857142857142857,
      0.9090909090909091,
      0.7,
      0.5294117647058824,
      1.0
    ],
    "latency_ms": [
      488.5438790591702,
      613.2582991978798,
      67.12492247853797,
      137.28742498271924,
      50.69725793298258,
      676.1434310187738,
      53.875170950086044,
      376.1743282975037,
      366.26703033112943,
      112.99798182770293,
      342.3022655138527,
      433.2411438225641,
      543.0661573991479,
      326.16333473232413,
      381.63305950036937,
      601.0364365429157,
      360.1201029752597,
      440.18764121922777,
      502.6441059185637,
      636.9723916966328,
      81.75253609619791,
      324.4851253194034,
      151.24335209137806,
      217.65121868408792,
      218.26956267751626,
      244.68519981231177,
      303.10257186004026,
      84.58253513042617,
      51.716690760486806,
      382.19700291128646,
      288.60457858283667,
      489.69556928336067,
      290.60480318694636,
      573.2996861406893,
      317.6165039801943,
      410.2965100144129,
      667.9124357934832,
      497.8059793682683,
      335.7697436604801,
      362.5742363287454,
      519.3885953935023,
      716.3292854079216,
      104.4198541360468,
      352.40173453262526,
      53.020297122889254,
      247.41695202609793,
      533.2095957605834,
      192.3433474168818,
      437.0674059651705,
      195.14855097731007,
      134.20367767168955,
      87.66277066793069,
      125.29622216057635,
      214.90574031747434,
      143.89789115113805,
      314.20656472728786,
      305.8340673888193,
      678.0355104721925,
      143.21492240054397,
      292.4619605637057,
      797.2448292894726,
      84.96487092427365,
      107.34363167860677,
      701.8099526609158,
      583.566829635787,
      148.16289028822297,
      208.85349366988905,
      82.74767776328015,
      74.16139805898823,
      394.5353905196496,
      117.58564001805405,
      716.4529790268821,
      172.02785866557917,
      462.16270722264323,
      362.4264698599168,
      119.80931497668516,
      497.6716828049245,
      165.65709860730058,
      347.33199014136767,
      182.97237464285485,
      202.70763329002628,
      547.642373430369,
      378.63688298540774,
      145.70897901536492,
      68.45063364403259,
      571.2415186800947,
      389.4859526629216,
      224.33217230820384,
      142.73306134550037,
      346.97384847792074,
      405.8040897672359,
      112.94969749450658,
      534.5894005368676,
      368.4134076547777,
      238.48193323187746,
      491.3436606631347,
      403.13743754247434,
      328.2265965421533,
      487.1874636358449,
      67.99352270449654
    ],
    "deadline_miss": [
      0,
      0,
      0,
      0,
      0,
      0,
      0,
      0,
      0,
      0,
      0,
      0,
      0,
      0,
      0,
      0,
      0,
      0,
      0,
      0,
      0,
      0,
      0,
      0,
      0,
      0,
      0,
      0,
      0,
      0,
      0,
      0,
      0,
      0,
      0,
      0,
      0,
      0,
      0,
      0,
      0,
      0,
      0,
      0,
      0,
      0,
      0,
      0,
      0,
      0,
      0,
      0,
      0,
      0,
      0,
      0,
      0,
      0,
      0,
      0,
      0,
      0,
      0,
      0,
      0,
      0,
      0,
      0,
      0,
      0,
      0,
      0,
      0,
      0,
      0,
      0,
      0,
      0,
      0,
      0,
      0,
      0,
      0,
      0,
      0,
      0,
      0,
      0,
      0,
      0,
      0,
      0,
      0,
      0,
      0,
      0,
      0,
      0,
      0,
      0
    ],