{
  "method": "ns",
  "seed": 2,
  "summary": {
    "reward": 147.8406484621463,
    "success_rate": 0.8245920280270126,
    "latency_ms": 318.6520388900101,
    "deadline_miss": 0.0,
    "reschedule_count": 4.11,
    "num_task_nodes": 10.9,
    "episode_steps": 50.0
  },
  "episodes": {
    "reward": [
      151.7202892199323,
      112.91568862037678,
      172.290709633559,
      167.4508702069716,
      173.20754056790773,
      145.08230364644777,
      173.0674991471804,
      138.65508556761318,
      157.42076231497356,
      168.625504518156,
      155.71012754521908,
      125.50556030575119,
      125.76632167086508,
      101.67649359752343,
      153.51803197607893,
      111.40046172524053,
      155.91690843142433,
      98.38013930529861,
      130.0580246628029,
      143.7003145586905,
      170.28680725668906,
      110.03892291779499,
      164.49540590974163,
      161.42312582104176,
      163.44926979671072,
      160.8175017563848,
      162.02668360221807,
      170.95027147925197,
      172.8164177619844,
      121.71511460298382,
      158.46178198523836,
      150.53526447337555,
      97.13934452647256,
      146.91789058562716,
      159.8838908697428,
      116.66219730367943,
      148.96941546847162,
      154.19363185203622,
      158.38147455556168,
      94.23313659553402,
      149.08555237073693,
      141.15193200933413,
      169.42464243127364,
      117.00819079590501,
      172.47045741866063,
      159.84585052780534,
      133.647436314932,
      161.9257541085353,
      136.39249549087762,
      162.46993921184472,
      168.8201510912536,
      169.65668910600533,
      168.71978728875763,
      162.4782768215242,
      167.3425151092108,
      90.91469102629856,
      160.535604922881,
      114.67727294829506,
      167.95417991134306,
      156.6414956624971,
      146.3031286950935,
      169.94315832266744,
      168.56877374974687,
      98.69196075107472,
      99.65803218803987,
      166.5038544599815,
      163.66372644437027,
      170.85803999169056,
      170.30424240659156,
      136.183251701144,
      170.23216161850246,
      143.86064849981912,
      165.01866936522313,
      151.72899876569514,
      149.13422839872916,
      167.77900306033987,
      118.15782332854579,
      166.83276695059163,
      158.64642201579542,
      167.1215248559325,
      163.51307444361458,
      117.81471152688201,
      74.5026614422913,
      166.74732576105032,
      171.75767363820975,
      124.0866262815647,
      154.1166708591638,
      160.1118845292045,
      166.0735783460176,
      159.32053121614754,
      123.45617903816475,
      170.0016742909533,
      122.02253279207238,
      139.54055132922844,
      160.54558634508,
      145.82284748760438,
      147.01137107167574,
      131.11786665360106,
      128.22737711025673,
      172.4546055717476
    ],
    "success_rate": [
      1.0,
      0.5263157894736842,
      1.0,
      1.0,
      1.0,
      1.0,
      1.0,
      0.7857142857142857,
      1.0,
      1.0,
      1.0,
      0.4375,
      0.625,
      0.25,
      1.0,
      0.47058823529411764,
      1.0,
      0.35,
      0.5333333333333333,
      0.9230769230769231,
      1.0,
      0.3684210526315789,
      1.0,
      1.0,
      1.0,
      1.0,
      1.0,
      1.0,
      1.0,
      0.35714285714285715,
      1.0,
      1.0,
      0.3157894736842105,
      0.8333333333333334,
      1.0,
      0.35294117647058826,
      1.0,
      0.8333333333333334,
      1.0,
      0.3,
      1.0,
      1.0,
      1.0,
      0.3333333333333333,
      1.0,
      1.0,
      0.6666666666666666,
      1.0,
      0.75,
      1.0,
      1.0,
      1.0,
      1.0,
      1.0,
      1.0,
      0.21052631578947367,
      1.0,
      0.5625,
      1.0,
      1.0,
      0.8571428571428571,
      1.0,
      1.0,
      0.4444444444444444,
      0.3157894736842105,
      1.0,
      1.0,
      1.0,
      1.0,
      0.5625,
      1.0,
      0.8461538461538461,
      1.0,
      1.0,
      0.8333333333333334,
      1.0,
      0.5625,
      1.0,
      1.0,
      1.0,
      1.0,
      0.47368421052631576,
      0.15,
      1.0,
      1.0,
      0.4375,
      0.9333333333333333,
      1.0,
      1.0,
      1.0,
      0.3888888888888889,
      1.0,
      0.6111111111111112,
      0.5625,
      1.0,
      0.7857142857142857,
      0.9090909090909091,
      0.5,
      0.5,
      1.0
    ],
    "latency_ms": [
      488.5438790591702,
      613.2582991978798,
      67.12492247853797,
      137.28742498271924,
      50.69725793298258,
      676.1434310187738,
      53.875170950086044,
      376.1743282975037,
      366.26703033112943,
      112.99798182770293,
      342.3022655138527,
      486.8475936198951,
      652.8802825127759,
      326.16333473232413,
      381.63305950036937,
      548.3044207796238,
      360.1201029752597,
      440.18764121922777,
      502.6441059185637,
      636.9723916966328,
      81.75253609619791,
      324.4851253194034,
      151.24335209137806,
      217.65121868408792,
      218.26956267751626,
      244.68519981231177,
      303.10257186004026,
      84.58253513042617,
      51.716690760486806,
      382.19700291128646,
      288.60457858283667,
      489.69556928336067,
      290.60480318694636,
      537.1422362221294,
      317.6165039801943,
      406.88441311077844,
      667.9124357934832,
      497.8059793682683,
      335.7697436604801,
      362.5742363287454,
      519.3885953935023,
      588.0423463709116,
      104.4198541360468,
      352.40173453262526,
      53.020297122889254,
      247.41695202609793,
      533.2095957605834,
      192.3433474168818,
      437.0674059651705,
      195.14855097731007,
      134.20367767168955,
      87.66277066793069,
      125.29622216057635,
      214.90574031747434,
      143.89789115113805,
      302.2825654126942,
      291.3742638938354,
      767.8459191691013,
      143.21492240054397,
      292.4619605637057,
      548.2112081466221,
      84.96487092427365,
      107.34363167860677,
      701.8099526609158,
      583.566829635787,
      148.16289028822297,
      208.85349366988905,
      82.74767776328015,
      74.16139805898823,
      416.1964062789301,
      117.58564001805405,
      640.9022963191035,
      172.02785866557917,
      462.16270722264323,
      362.4264698599168,
      119.80931497668516,
      497.6716828049245,
      165.65709860730058,
      347.33199014136767,
      182.97237464285485,
      202.70763329002628,
      621.3386680629709,
      378.63688298540774,
      145.70897901536492,
      68.45063364403259,
      527.318808444723,
      389.4859526629216,
      224.33217230820384,
      142.73306134550037,
      346.97384847792074,
      264.5973907484122,
      112.94969749450658,
      498.2953257419582,
      368.4134076547777,
      238.48193323187746,
      491.3436606631347,
      403.13743754247434,
      264.51252255447133,
      482.9007255478018,
      67.99352270449654
    ],
    "deadline_miss": [
      0,
      0,
      0,
      0,
      0,
      0,
      0,
      0,
      0,
      0,
      0,
      0,
      0,
      0,
      0,
      0,
      0,
      0,
      0,
      0,
      0,
      0,
      0,
      0,
      0,
      0,
      0,
      0,
      0,
      0,
      0,
      0,
      0,
      0,
      0,
      0,
      0,
      0,
      0,
      0,
      0,
      0,
      0,
      0,
      0,
      0,
      0,
      0,
      0,
      0,
      0,
      0,
      0,
      0,
      0,
      0,
      0,
      0,
      0,
      0,
      0,
      0,
      0,
      0,
      0,
      0,
      0,
      0,
      0,
      0,
      0,
      0,
      0,
      0,
      0,
      0,
      0,
      0,
      0,
      0,
      0,
      0,
      0,
      0,
      0,
      0,
      0,
      0,
      0,
      0,
      0,
      0,
      0,
      0,
      0,
      0,
      0,
      0,
      0,
      0
    ],