{
  "method": "ns",
  "seed": 1,
  "summary": {
    "reward": 146.0535104946148,
    "success_rate": 0.8097835658063987,
    "latency_ms": 329.62965990746926,
    "deadline_miss": 0.0,
    "reschedule_count": 4.33,
    "num_task_nodes": 11.15,
    "episode_steps": 50.0
  },
  "episodes": {
    "reward": [
      130.2189698451227,
      167.7907296645562,
      167.55627464666847,
      135.79286333222694,
      171.0552753402587,
      123.16048765258775,
      153.47598694187408,
      114.67808683082788,
      145.51274588532297,
      173.7911767765537,
      162.76640667841272,
      157.56007795384238,
      173.2826451211736,
      173.4078184601993,
      171.49206304744206,
      156.31243725700168,
      168.7854844641907,
      104.01611927878243,
      167.05884725031305,
      165.7444248244642,
      172.37739625820277,
      144.39427683352403,
      159.7489835917284,
      84.78104315082489,
      130.4552035608975,
      150.23720633091116,
      167.59192063247866,
      133.17910012699505,
      170.2143305554016,
      116.58337080801942,
      162.83523074827406,
      171.08441629018026,
      121.13816312735779,
      136.2653588596993,
      148.26882837878853,
      90.00186719927703,
      171.87990682499426,
      173.0191989300741,
      173.17271900289157,
      158.4677022443265,
      168.23793835908484,
      128.5768853951822,
      137.81266696670363,
      111.84430331248572,
      165.20111233366575,
      74.6926031669142,
      109.90665244470785,
      105.27180960349921,
      170.0618311051159,
      164.8018322354371,
      170.3800057871256,
      160.95954534356727,
      155.53205815590775,
      167.60336858216743,
      164.87423160226376,
      163.93485780000128,
      124.9925278925358,
      163.31264453712743,
      164.39694901457028,
      137.9501027493663,
      148.83910663308112,
      170.17509085094972,
      161.2345731182806,
      153.42413745184683,
      117.94711711047164,
      100.76165929085164,
      163.62595122162256,
      160.1525730981721,
      135.83893399222518,
      121.44940759644362,
      151.25810371280355,
      93.51719126137198,
      157.60874569154694,
      139.36767839429137,
      136.84521414883787,
      165.82243848112478,
      140.22498571809547,
      109.73126150012253,
      162.7550229993363,
      93.35691144580012,
      157.33591189934532,
      169.81895528994528,
      163.73104536263781,
      162.52598223055804,
      151.10014211212552,
      140.07369136707786,
      102.0128212841487,
      146.78056413894106,
      147.46123906817505,
      109.36134831150531,
      157.5450396068065,
      107.19110790251894,
      170.6255677599255,
      167.5450589395205,
      160.81153887452697,
      153.1392892715872,
      151.56428294048771,
      130.2435212561486,
      149.95076136197918,
      93.09800567214779
    ],
    "success_rate": [
      0.5833333333333334,
      1.0,
      1.0,
      0.6,
      1.0,
      0.5882352941176471,
      0.7857142857142857,
      0.3333333333333333,
      0.9285714285714286,
      1.0,
      1.0,
      1.0,
      1.0,
      1.0,
      1.0,
      1.0,
      1.0,
      0.35294117647058826,
      1.0,
      1.0,
      1.0,
      0.7272727272727273,
      1.0,
      0.15,
      0.4375,
      0.75,
      1.0,
      0.75,
      1.0,
      0.5625,
      1.0,
      1.0,
      0.625,
      0.7692307692307693,
      0.7333333333333333,
      0.3,
      1.0,
      1.0,
      1.0,
      1.0,
      1.0,
      0.5,
      0.6,
      0.5,
      1.0,
      0.15,
      0.3157894736842105,
      0.3157894736842105,
      1.0,
      1.0,
      1.0,
      1.0,
      1.0,
      1.0,
      1.0,
      1.0,
      0.5714285714285714,
      1.0,
      1.0,
      0.8333333333333334,
      1.0,
      1.0,
      1.0,
      1.0,
      0.8421052631578947,
      0.3888888888888889,
      1.0,
      1.0,
      0.7857142857142857,
      0.5333333333333333,
      1.0,
      0.2777777777777778,
      1.0,
      0.8,
      0.6666666666666666,
      1.0,
      0.6666666666666666,
      0.3333333333333333,
      1.0,
      0.2777777777777778,
      1.0,
      1.0,
      1.0,
      1.0,
      1.0,
      1.0,
      0.25,
      0.9090909090909091,
      0.8571428571428571,
      0.35294117647058826,
      1.0,
      0.4444444444444444,
      1.0,
      1.0,
      1.0,
      1.0,
      0.9333333333333333,
      0.5625,
      1.0,
      0.3333333333333333
    ],
    "latency_ms": [
      586.6081229571834,
      139.59570567193043,
      135.28608183751524,
      473.03790144722984,
      81.84831369273621,
      502.3087529158746,
      329.5605218676513,
      405.8535668762671,
      531.8288389052755,
      35.64241083481846,
      194.039590273234,
      325.3768972064845,
      42.33361682666455,
      40.68659920790624,
      73.45398164900897,
      389.53997607246174,
      127.20410013573304,
      312.34616521955394,
      131.96791080781819,
      200.155692414192,
      47.013831765326884,
      439.75527243769136,
      282.59834471044684,
      285.6845553729722,
      493.7569569066862,
      318.617622608006,
      130.6033951193043,
      653.997075566239,
      100.8893702852517,
      607.6275897109592,
      184.62372610333082,
      84.16211851651619,
      593.4587019013717,
      676.7190845770126,
      365.2436985396222,
      583.4373043402845,
      69.158504170605,
      46.06588979858429,
      43.78001311984905,
      266.16292298233896,
      112.27546516173429,
      498.28093062785445,
      408.0803819300729,
      699.3346447632254,
      173.0124164298863,
      308.49480088768735,
      398.90737510518477,
      273.60070151953505,
      91.454073378359,
      204.04671953994162,
      96.69394608112891,
      275.2904041508773,
      316.77398504972535,
      135.82910363613186,
      176.210602473233,
      201.03181643547325,
      476.8329221116271,
      223.37249123135373,
      178.29836608897284,
      711.0218933628514,
      503.86057328506496,
      90.81858200517921,
      267.80862741000345,
      399.75590469499264,
      807.3933522436089,
      433.32081202937667,
      202.69497681494425,
      313.939476565527,
      503.5020442275286,
      536.3639328691638,
      549.3434867736121,
      277.49950228592274,
      337.64293783611254,
      651.9438841455692,
      389.7992731719774,
      174.75176935582425,
      504.71069188569646,
      314.05901865529563,
      257.34394853130334,
      457.4732072229196,
      317.56645229993285,
      88.65256620634896,
      184.34385534888082,
      226.44397541764175,
      431.7154478223525,
      860.7425738263539,
      312.4830524072108,
      591.4244847730513,
      603.1375156153258,
      453.79604271137543,
      364.1243076351752,
      379.9830625255869,
      101.10696682367264,
      125.82717935780872,
      266.6834508593015,
      531.8631672666572,
      479.6917709324723,
      486.99515921092143,
      510.99181333485905,
      380.49337904557683
    ],
    "deadline_miss": [
      0,
      0,
      0,
      0,
      0,
      0,
      0,
      0,
      0,
      0,
      0,
      0,
      0,
      0,
      0,
      0,
      0,
      0,
      0,
      0,
      0,
      0,
      0,
      0,
      0,
      0,
      0,
      0,
      0,
      0,
      0,
      0,
      0,
      0,
      0,
      0,
      0,
      0,
      0,
      0,
      0,
      0,
      0,
      0,
      0,
      0,
      0,
      0,
      0,
      0,
      0,
      0,
      0,
      0,
      0,
      0,
      0,
      0,
      0,
      0,
      0,
      0,
      0,
      0,
      0,
      0,
      0,
      0,
      0,
      0,
      0,
      0,
      0,
      0,
      0,
      0,
      0,
      0,
      0,
      0,
      0,
      0,
      0,
      0,
      0,
      0,
      0,
      0,
      0,
      0,
      0,
      0,
      0,
      0,
      0,
      0,
      0,
      0,
      0,
      0
    ],