{
  "method": "rl_global",
  "seed": 0,
  "summary": {
    "reward": 141.99673022842995,
    "success_rate": 0.8065263157894738,
    "latency_ms": 375.9328799640521,
    "deadline_miss": 0.0,
    "reschedule_count": 5.1,
    "num_task_nodes": 19.07,
    "episode_steps": 50.0
  },
  "episodes": {
    "reward": [
      169.48346434643864,
      172.42639208543585,
      153.04626984312972,
      121.64605122498985,
      90.74393315601432,
      151.40065066525267,
      115.19089293710519,
      121.56980186436388,
      142.47968192234663,
      172.18517205719044,
      116.81777487846122,
      146.9170204134681,
      161.33152017593187,
      168.72202851352634,
      132.21566627642727,
      158.81109394634947,
      159.76312739694342,
      105.40165209563608,
      151.42389102098386,
      105.83798672317324,
      160.10003530771164,
      116.63776982471873,
      133.9282653895898,
      155.77206684428523,
      156.9475914424303,
      151.4778560685101,
      166.1123720506059,
      127.11483822630957,
      172.51621864310758,
      166.1613299853424,
      96.15441239747014,
      157.2579116364946,
      159.8187869083442,
      107.01249486098155,
      104.7937897856109,
      172.45261608395944,
      110.77855586944315,
      150.62907386901082,
      163.69827888871512,
      137.064267329082,
      173.33236800858492,
      166.76242767103153,
      114.88240400197529,
      135.92035158496645,
      113.77912106736892,
      152.07191212856486,
      102.98238100474055,
      146.69413221116355,
      108.29003467596566,
      158.05086360593734,
      168.30405494991047,
      111.75846135491673,
      149.51669453973076,
      131.11726467856388,
      166.12433891195957,
      76.32586204432847,
      124.64751601241643,
      119.5912682705076,
      160.7676632183248,
      80.72651294032278,
      171.7881760258569,
      172.59333949539794,
      118.30635383327831,
      172.11909926500266,
      148.09335659313308,
      161.1422078492273,
      122.41550450476457,
      154.5724614262666,
      164.65407220297922,
      140.29912156714065,
      112.92871839618628,
      159.0371117635238,
      161.71573027357528,
      127.89797754709063,
      162.6522086768524,
      173.68551822044748,
      89.10358193456949,
      171.78994595938002,
      133.97462402503018,
      171.06965783162858,
      171.9943026806351,
      76.22141507254666,
      106.82522742149668,
      156.88301733598794,
      162.80019641733855,
      98.43732670416645,
      156.4709525520848,
      128.39784403869888,
      164.53492335444687,
      172.3053880888386,
      139.46223371706054,
      101.85395507652103,
      151.7027079324124,
      159.92009104539923,
      152.04828577026436,
      164.97320212238944,
      156.55070045988643,
      114.15601707273251,
      173.31126201490457,
      155.4969707376814
    ],
    "success_rate": [
      1.0,
      1.0,
      1.0,
      0.5789473684210527,
      0.4,
      1.0,
      0.5,
      0.5,
      0.8,
      1.0,
      0.55,
      1.0,
      1.0,
      1.0,
      0.6,
      1.0,
      1.0,
      0.45,
      1.0,
      0.35,
      1.0,
      0.631578947368421,
      0.7,
      1.0,
      1.0,
      0.95,
      1.0,
      0.6,
      1.0,
      1.0,
      0.35,
      1.0,
      1.0,
      0.4,
      0.4,
      1.0,
      0.55,
      1.0,
      1.0,
      0.85,
      1.0,
      1.0,
      0.5,
      0.7,
      0.4,
      1.0,
      0.6,
      1.0,
      0.4,
      1.0,
      1.0,
      0.5,
      0.95,
      0.8421052631578947,
      1.0,
      0.4,
      0.6,
      0.55,
      1.0,
      0.2,
      1.0,
      1.0,
      0.65,
      1.0,
      1.0,
      1.0,
      0.75,
      0.95,
      1.0,
      0.85,
      0.6,
      1.0,
      1.0,
      0.6,
      1.0,
      1.0,
      0.25,
      1.0,
      0.6,
      1.0,
      1.0,
      0.25,
      0.35,
      1.0,
      1.0,
      0.4,
      1.0,
      0.65,
      1.0,
      1.0,
      1.0,
      0.55,
      1.0,
      1.0,
      0.95,
      1.0,
      1.0,
      0.45,
      1.0,
      1.0
    ],
    "latency_ms": [
      109.33109310574694,
      65.70872573978576,
      583.0327742680793,
      486.39537784946134,
      335.16074850941027,
      643.5370372070652,
      432.065693476929,
      338.0431769311366,
      634.6745287800326,
      56.84525138262824,
      363.9764968031126,
      691.3377799487694,
      378.75419909089703,
      100.61078769543778,
      262.40811919505495,
      441.85000704560446,
      293.3211542401822,
      716.0491689827742,
      551.8833074963221,
      479.9613369413704,
      345.5419348359378,
      504.55013193382587,
      563.3428101226133,
      401.6046142467385,
      487.4928263201339,
      312.26062579461046,
      219.74093335560082,
      601.6235382698317,
      52.418175748582975,
      267.6061057175635,
      276.99884506041474,
      404.1889568560844,
      297.57790099411216,
      255.85869485760003,
      397.02330481213664,
      62.845570513815254,
      614.8986567367292,
      601.4943565937781,
      385.24806207317596,
      602.7355742841346,
      40.290215690503906,
      145.8705113458582,
      208.6064513226239,
      556.7436065887479,
      363.9753658987654,
      542.9642428422494,
      682.7492808784023,
      854.8342651291307,
      505.51440082559066,
      466.920575564488,
      116.30908554922325,
      410.90440505208267,
      370.28520922659703,
      684.4385992784053,
      315.11734032363654,
      510.9352116996238,
      442.5506067489181,
      383.29386904697037,
      266.93745750688475,
      180.69561348040847,
      73.56667724355856,
      51.403427692134244,
      395.58382840496984,
      66.22709973026681,
      643.8193635106221,
      335.5527838114114,
      683.1038367433832,
      356.0380202428936,
      338.32108552090676,
      393.8176354917556,
      469.3615741194039,
      249.47515802305435,
      300.84310506354313,
      450.0570220525359,
      245.9061699438057,
      29.27426190419778,
      344.5698364020894,
      67.0387984667095,
      639.0033996917861,
      77.60820827526558,
      123.54199891912853,
      300.1061730763205,
      282.35227377739295,
      336.3048461316141,
      415.0707022749692,
      602.9826189052569,
      577.104553378234,
      451.41419184128745,
      384.13491759613737,
      55.463517636789035,
      667.2075628963082,
      645.8065741573317,
      577.4725628799783,
      336.1933468838487,
      466.62735957773947,
      299.4185427825729,
      423.6273558524828,
      318.7471545924229,
      71.69553350883935,
      377.5102195859397
    ],
    "deadline_miss": [
      0,
      0,
      0,
      0,
      0,
      0,
      0,
      0,
      0,
      0,
      0,
      0,
      0,
      0,
      0,
      0,
      0,
      0,
      0,
      0,
      0,
      0,
      0,
      0,
      0,
      0,
      0,
      0,
      0,
      0,
      0,
      0,
      0,
      0,
      0,
      0,
      0,
      0,
      0,
      0,
      0,
      0,
      0,
      0,
      0,
      0,
      0,
      0,
      0,
      0,
      0,
      0,
      0,
      0,
      0,
      0,
      0,
      0,
      0,
      0,
      0,
      0,
      0,
      0,
      0,
      0,
      0,
      0,
      0,
      0,
      0,
      0,
      0,
      0,
      0,
      0,
      0,
      0,
      0,
      0,
      0,
      0,
      0,
      0,
      0,
      0,
      0,
      0,
      0,
      0,
      0,
      0,
      0,
      0,
      0,
      0,
      0,
      0,
      0,
      0
    ],