{
  "method": "rl_global",
  "seed": 3,
  "summary": {
    "reward": 146.01920967064635,
    "success_rate": 0.8742341331269349,
    "latency_ms": 428.50411173833925,
    "deadline_miss": 0.0,
    "reschedule_count": 3.43,
    "num_task_nodes": 17.59,
    "episode_steps": 50.0
  },
  "episodes": {
    "reward": [
      127.1107966488805,
      124.14479351354899,
      145.04554695867822,
      127.5667575778125,
      86.47627302541754,
      142.0026206262754,
      78.683404641176,
      168.2378682704952,
      90.38580045959392,
      170.61420988897208,
      152.97700725523634,
      106.24517522540232,
      162.43802176056198,
      164.77772207177978,
      172.45178041871182,
      157.24808321915188,
      170.43739461136326,
      152.4566787022209,
      155.65260108380878,
      161.29632194506186,
      138.89497032523897,
      108.09639382520294,
      172.5729336738799,
      79.40903629668867,
      114.61094246538813,
      164.1010803572112,
      169.07387274415956,
      154.92635818852239,
      157.6117226063097,
      156.1908871109332,
      131.3467157724035,
      161.4850761814175,
      122.44443951870679,
      166.55222514465385,
      158.6738219043668,
      134.11795994194554,
      169.4641633677898,
      157.7289830841892,
      170.1277324049821,
      137.37691682274746,
      141.5619249417873,
      165.42054083553265,
      159.69389607643873,
      77.5378878608616,
      154.07383612460598,
      167.72157691658975,
      128.6322442208092,
      170.04777083285717,
      169.9139797762095,
      158.01514601217565,
      95.88239602507885,
      168.78712781221674,
      166.0511106289603,
      118.0182727141194,
      152.53187899238574,
      169.7695265303563,
      168.59180174559413,
      172.27779998542655,
      121.24449176166837,
      146.90456951168682,
      170.45135205384997,
      146.18961327918862,
      162.48835348008777,
      163.2610774180229,
      137.23293577569953,
      165.6149823901062,
      130.8016054736457,
      139.478488131008,
      124.00914985343428,
      162.85543822698466,
      141.5614385359547,
      166.9347049935417,
      142.7380201251688,
      164.63169546633367,
      164.54742173727908,
      139.64441348494623,
      165.8961214952003,
      153.0497585459416,
      165.9765654662512,
      154.96940756993516,
      115.66591921888211,
      119.76873269125663,
      169.32342309183463,
      168.31715823593362,
      160.98840021188795,
      159.7032259308566,
      127.94762781150175,
      149.81686104225926,
      149.64559604348057,
      93.29979724179766,
      120.782960254196,
      142.86267259342017,
      142.96598129881718,
      159.76531003790478,
      159.0226973079619,
      115.39298525860107,
      169.57553621278714,
      137.6973199227411,
      133.5710901304704,
      129.74226007921368
    ],
    "success_rate": [
      0.7,
      0.6,
      0.95,
      0.75,
      0.35,
      0.95,
      0.3,
      1.0,
      0.4,
      1.0,
      1.0,
      0.35,
      1.0,
      1.0,
      1.0,
      1.0,
      1.0,
      1.0,
      1.0,
      1.0,
      0.9473684210526315,
      0.45,
      1.0,
      0.15,
      0.65,
      1.0,
      1.0,
      1.0,
      1.0,
      1.0,
      0.9,
      1.0,
      0.75,
      1.0,
      1.0,
      0.85,
      1.0,
      1.0,
      1.0,
      1.0,
      0.95,
      1.0,
      1.0,
      0.15,
      1.0,
      1.0,
      0.7,
      1.0,
      1.0,
      1.0,
      0.4,
      1.0,
      1.0,
      0.7,
      1.0,
      1.0,
      1.0,
      1.0,
      0.6,
      0.9473684210526315,
      1.0,
      1.0,
      1.0,
      1.0,
      0.9,
      1.0,
      0.85,
      0.9,
      0.7,
      1.0,
      0.9411764705882353,
      1.0,
      1.0,
      1.0,
      1.0,
      0.9375,
      1.0,
      1.0,
      1.0,
      1.0,
      0.75,
      0.7,
      1.0,
      1.0,
      1.0,
      1.0,
      0.9,
      0.85,
      0.95,
      0.45,
      0.6,
      0.95,
      0.9,
      1.0,
      1.0,
      0.35,
      1.0,
      0.8,
      1.0,
      0.5
    ],
    "latency_ms": [
      684.6430136042479,
      436.80595058156194,
      454.81464387710173,
      624.5733892755964,
      296.639159099061,
      781.3503252827273,
      261.19601771836307,
      220.6412464226566,
      403.3907846316986,
      210.44942567884343,
      548.055200809311,
      166.95941112989686,
      304.8103642118668,
      398.5308990138783,
      176.9085702466934,
      542.0245019030002,
      207.80788900677823,
      546.611298795447,
      364.79077231853813,
      389.9606075884442,
      761.2417503696647,
      344.38740876214615,
      158.2816547790749,
      193.25560936269886,
      654.0545805447281,
      343.0857732442901,
      130.37368457928818,
      585.3414547751973,
      488.16308280836927,
      663.7848213698754,
      757.6677872383984,
      250.69885128239113,
      511.42076900231575,
      272.2045535838907,
      521.4200816008798,
      556.7891182230636,
      210.3394015561887,
      421.3405988565029,
      183.0417818734045,
      939.3846222436651,
      827.8241664436299,
      309.3158761607699,
      500.06487995189525,
      227.3733327187794,
      490.3571820271046,
      195.59032786950613,
      476.2926315418238,
      163.23605917979998,
      168.16782217686654,
      626.1542261178491,
      327.156755345797,
      200.47564374374642,
      241.9765909949089,
      561.9251020937478,
      673.7380276546819,
      186.34574506477762,
      156.64478429054031,
      118.8721702043019,
      607.8541710277079,
      427.04450062643474,
      94.24859099113763,
      752.7580202885057,
      313.5846848393252,
      274.77623222938973,
      617.9318868272155,
      190.79867571504997,
      653.5649247041482,
      652.0922900288795,
      474.9225615994392,
      284.8789489141758,
      447.57945826533887,
      202.8759265789399,
      861.5519687573959,
      369.7813709766473,
      323.7706663148037,
      445.03802177337195,
      233.7016442073541,
      459.51149976929474,
      412.4609771194032,
      562.7640915458913,
      748.3483962785722,
      576.9387699306944,
      194.05870675323442,
      209.19645568072497,
      570.2996150118917,
      413.1924333995704,
      939.6555048542971,
      517.6007884555303,
      535.3831657792632,
      270.9353361352398,
      418.70864855324305,
      651.3526515109813,
      632.6034578545205,
      516.3497813119708,
      373.0462028778355,
      307.3371262222428,
      268.0391319273371,
      490.06800896094035,
      906.2506124256971,
      228.80308597801098
    ],
    "deadline_miss": [
      0,
      0,
      0,
      0,
      0,
      0,
      0,
      0,
      0,
      0,
      0,
      0,
      0,
      0,
      0,
      0,
      0,
      0,
      0,
      0,
      0,
      0,
      0,
      0,
      0,
      0,
      0,
      0,
      0,
      0,
      0,
      0,
      0,
      0,
      0,
      0,
      0,
      0,
      0,
      0,
      0,
      0,
      0,
      0,
      0,
      0,
      0,
      0,
      0,
      0,
      0,
      0,
      0,
      0,
      0,
      0,
      0,
      0,
      0,
      0,
      0,
      0,
      0,
      0,
      0,
      0,
      0,
      0,
      0,
      0,
      0,
      0,
      0,
      0,
      0,
      0,
      0,
      0,
      0,
      0,
      0,
      0,
      0,
      0,
      0,
      0,
      0,
      0,
      0,
      0,
      0,
      0,
      0,
      0,
      0,
      0,
      0,
      0,
      0,
      0
    ],