{
  "method": "rl_global",
  "seed": 2,
  "summary": {
    "reward": 147.6025392949077,
    "success_rate": 0.8500000000000001,
    "latency_ms": 373.3624582717037,
    "deadline_miss": 0.0,
    "reschedule_count": 4.02,
    "num_task_nodes": 16.06,
    "episode_steps": 50.0
  },
  "episodes": {
    "reward": [
      150.57213116350795,
      108.9075924444716,
      172.34075706521173,
      167.12036022544186,
      173.20754056790773,
      143.0751264255825,
      173.0674991471804,
      137.2820480451976,
      156.80903459848017,
      168.4488146037684,
      152.6142312014926,
      126.08728431503725,
      126.42912198203736,
      99.62461494172523,
      150.85541571578494,
      114.40143547772854,
      155.3717509998579,
      108.32703652049479,
      127.3747647743166,
      138.22204326399725,
      170.27485018238613,
      119.48865358628004,
      164.0643569705093,
      161.19279827135725,
      163.3610776582384,
      160.39335171868726,
      161.53579108179042,
      170.75766535359494,
      172.8164177619844,
      121.42459459538311,
      157.3952267549559,
      148.87854135635192,
      101.99039692494075,
      143.0012927568584,
      160.02690481503012,
      117.42386307455618,
      149.05246864935376,
      153.55039240552597,
      157.95285795868256,
      92.87690975577324,
      148.45843794054355,
      139.41886795558972,
      169.40697905350092,
      119.27824899914228,
      172.47045741866063,
      159.42100877627195,
      135.11722563141933,
      162.0014576490946,
      137.35954931588478,
      162.51001537930293,
      168.60586379988493,
      169.60986102948272,
      168.00950048173493,
      162.25953851758445,
      166.607957674274,
      97.93088927983597,
      158.21500240704364,
      108.43738321123989,
      167.5811901173287,
      155.8945081330398,
      144.38873051738798,
      169.90221579677973,
      168.52976832310426,
      97.71034955042292,
      106.32761367164069,
      166.11967643226922,
      163.25724687129608,
      170.85803999169056,
      170.31052441275742,
      133.40327006052917,
      169.3380238498445,
      143.14955892057438,
      164.7911272513928,
      148.56755860348792,
      148.2774821707084,
      167.47986047329508,
      120.87643532497634,
      166.23823525923493,
      157.9765206491566,
      166.95057723628597,
      163.1299534026033,
      120.69595104899531,
      74.5026614422913,
      166.78365520667657,
      171.75767363820975,
      125.55307315349444,
      153.6383854191266,
      159.49436263606316,
      164.73871779762075,
      158.313302341861,
      124.42608044491178,
      169.75985250123045,
      120.29115538833985,
      137.90537274736988,
      159.46688463529264,
      145.06459605931582,
      145.778356513711,
      131.56997459022915,
      124.30201529052906,
      172.43813198374406
    ],
    "success_rate": [
      0.95,
      0.55,
      1.0,
      1.0,
      1.0,
      1.0,
      1.0,
      0.85,
      1.0,
      1.0,
      0.9,
      0.5,
      0.7,
      0.5,
      1.0,
      0.6,
      1.0,
      0.45,
      0.7,
      0.95,
      1.0,
      0.55,
      1.0,
      1.0,
      1.0,
      1.0,
      1.0,
      1.0,
      1.0,
      0.5,
      1.0,
      1.0,
      0.4,
      0.9,
      1.0,
      0.5,
      0.9,
      0.9,
      1.0,
      0.3,
      1.0,
      0.95,
      1.0,
      0.4,
      1.0,
      1.0,
      0.65,
      1.0,
      0.8,
      1.0,
      1.0,
      1.0,
      1.0,
      1.0,
      1.0,
      0.35,
      1.0,
      0.5,
      1.0,
      1.0,
      0.8,
      1.0,
      1.0,
      0.4,
      0.45,
      1.0,
      1.0,
      1.0,
      1.0,
      0.7,
      1.0,
      0.9,
      1.0,
      1.0,
      0.9,
      1.0,
      0.7,
      1.0,
      1.0,
      1.0,
      1.0,
      0.55,
      0.15,
      1.0,
      1.0,
      0.65,
      0.95,
      1.0,
      1.0,
      1.0,
      0.5,
      1.0,
      0.5,
      0.65,
      1.0,
      0.85,
      0.95,
      0.7,
      0.45,
      1.0
    ],
    "latency_ms": [
      451.1489273716386,
      624.5616677200948,
      54.613064565352595,
      215.4958662367231,
      50.69725793298258,
      973.6601102489395,
      53.875170950086044,
      516.8059948304854,
      457.87741851219994,
      145.88584113684004,
      623.3238499349176,
      438.7901133232884,
      562.4691460094044,
      490.95370508383814,
      681.3660691453736,
      606.8049098924671,
      418.0644850666828,
      260.28531983477956,
      675.7294305114181,
      998.8292065135947,
      86.53536581736401,
      443.14783761597175,
      203.08147093943262,
      271.1296880257712,
      232.41113491626413,
      302.16431781257404,
      349.4558785337267,
      118.45878055796896,
      51.716690760486806,
      217.75473259497096,
      393.4647140067657,
      701.5464938608525,
      312.55431745829003,
      773.6277959868592,
      332.1980356254967,
      416.57987567323755,
      558.1004232786112,
      634.8912423337778,
      433.99478186163,
      277.4629867802562,
      600.6081569064618,
      650.8241034844543,
      111.48520524514436,
      173.89330429621452,
      53.020297122889254,
      340.97436829417563,
      419.8456509866716,
      327.97559274819895,
      460.7841516170329,
      190.2937365987852,
      233.4753033106524,
      116.41458254369448,
      150.53377532050862,
      229.67820372351932,
      188.66717311799158,
      352.4394710823334,
      657.977900522669,
      695.762191217319,
      199.7842657858999,
      347.62158847960814,
      584.7764724061502,
      98.25299383300626,
      113.05085479049366,
      566.9911017070449,
      442.43353395183055,
      227.66040032407852,
      264.9658414957959,
      82.74767776328015,
      71.64859559265054,
      468.8349803084361,
      251.26546066992194,
      730.4194068982137,
      209.65007497341867,
      755.4984631395595,
      617.8498590149541,
      175.99235338346242,
      706.8402254114528,
      274.23732658638403,
      428.45603243857164,
      218.67880831651303,
      253.96728161294405,
      605.349442146359,
      378.63688298540774,
      155.77074854408062,
      68.45063364403259,
      589.133138632049,
      356.4525190882574,
      359.687654053852,
      328.12866084040604,
      486.62801905051515,
      314.5709423291897,
      154.20043863043432,
      392.7454302970784,
      471.401853693432,
      425.3680884804424,
      497.8615905647521,
      555.1938313334031,
      328.2265965421533,
      336.23916453850416,
      74.40930549222306
    ],
    "deadline_miss": [
      0,
      0,
      0,
      0,
      0,
      0,
      0,
      0,
      0,
      0,
      0,
      0,
      0,
      0,
      0,
      0,
      0,
      0,
      0,
      0,
      0,
      0,
      0,
      0,
      0,
      0,
      0,
      0,
      0,
      0,
      0,
      0,
      0,
      0,
      0,
      0,
      0,
      0,
      0,
      0,
      0,
      0,
      0,
      0,
      0,
      0,
      0,
      0,
      0,
      0,
      0,
      0,
      0,
      0,
      0,
      0,
      0,
      0,
      0,
      0,
      0,
      0,
      0,
      0,
      0,
      0,
      0,
      0,
      0,
      0,
      0,
      0,
      0,
      0,
      0,
      0,
      0,
      0,
      0,
      0,
      0,
      0,
      0,
      0,
      0,
      0,
      0,
      0,
      0,
      0,
      0,
      0,
      0,
      0,
      0,
      0,
      0,
      0,
      0,
      0
    ],