{
  "method": "rl_node",
  "seed": 0,
  "summary": {
    "reward": 138.826013871941,
    "success_rate": 0.7207368421052631,
    "latency_ms": 320.9822930863233,
    "deadline_miss": 0.0,
    "reschedule_count": 6.86,
    "num_task_nodes": 16.63,
    "episode_steps": 50.0
  },
  "episodes": {
    "reward": [
      169.50489539435333,
      172.09348426688408,
      150.79902219756463,
      104.54965156301338,
      84.48150156605321,
      154.4772653121676,
      108.0826434036508,
      112.74570523046452,
      134.90243892533715,
      172.29505485723521,
      116.92663084450892,
      141.304925706453,
      161.24578011561243,
      169.6875759944448,
      125.14668678240237,
      161.81438579017384,
      157.15727487324835,
      106.75169881246198,
      147.7253127972712,
      96.31412332466142,
      161.2698543973886,
      104.54675700978251,
      127.14574406718637,
      153.00818639196922,
      150.7590614726387,
      147.08429910856054,
      166.55353748824265,
      114.44019301689391,
      172.51621864310758,
      168.21783257645095,
      90.34828544338097,
      157.62390888713549,
      160.03702393318514,
      98.26453645375807,
      103.2800910077847,
      173.00659014624844,
      101.37345313428683,
      149.16485808630236,
      168.2468482898484,
      131.56379073381925,
      173.2972694366278,
      166.6703133821927,
      100.21954858401998,
      130.823382350345,
      103.77663687487383,
      145.57588632610907,
      96.06764424869736,
      143.82165511049672,
      108.63499594922926,
      154.8718369721161,
      169.23463729756628,
      100.40021806877962,
      148.9674708619452,
      119.46069471461155,
      167.9917516128416,
      76.30390629874985,
      119.8106807458556,
      119.16870979151467,
      158.92248699799478,
      83.62502869201828,
      171.30264108711853,
      172.45258432211344,
      109.6808963893279,
      172.55234260164838,
      139.99224812288045,
      159.88716876544723,
      111.20859401802059,
      150.9783600866456,
      165.35881506426972,
      128.77315287354148,
      109.80583589630832,
      157.3654317166476,
      163.7741313642639,
      122.31395108742825,
      164.13702531091337,
      173.69385633695234,
      91.75506720587717,
      171.7028948843426,
      124.08538839561741,
      171.1983462973131,
      172.7216694679115,
      73.22428732061123,
      100.30313525435521,
      158.41287486247265,
      166.6383164991013,
      93.71903707138004,
      152.73477584003106,
      118.1196783708969,
      168.31457726594354,
      172.73837886295567,
      125.43188517973883,
      103.09346908558697,
      151.8205742528977,
      162.66363945001467,
      144.11113197433494,
      167.57829761438762,
      154.52826923821803,
      104.5919171688007,
      173.48091655204973,
      152.25394167321875
    ],
    "success_rate": [
      1.0,
      1.0,
      0.7,
      0.3,
      0.2,
      1.0,
      0.4,
      0.3,
      0.7,
      1.0,
      0.4,
      0.8421052631578947,
      1.0,
      1.0,
      0.6842105263157895,
      1.0,
      1.0,
      0.35,
      0.9473684210526315,
      0.25,
      1.0,
      0.35,
      0.5,
      1.0,
      1.0,
      0.9473684210526315,
      1.0,
      0.5789473684210527,
      1.0,
      1.0,
      0.15,
      1.0,
      1.0,
      0.35,
      0.25,
      1.0,
      0.15789473684210525,
      1.0,
      1.0,
      0.7368421052631579,
      1.0,
      1.0,
      0.2631578947368421,
      0.65,
      0.3157894736842105,
      0.8421052631578947,
      0.42105263157894735,
      0.8947368421052632,
      0.25,
      1.0,
      1.0,
      0.35,
      0.85,
      0.4,
      1.0,
      0.21052631578947367,
      0.47368421052631576,
      0.47368421052631576,
      1.0,
      0.15,
      1.0,
      1.0,
      0.4,
      1.0,
      0.8,
      1.0,
      0.47368421052631576,
      0.8947368421052632,
      1.0,
      0.4,
      0.3157894736842105,
      1.0,
      1.0,
      0.5789473684210527,
      1.0,
      1.0,
      0.42105263157894735,
      1.0,
      0.5,
      1.0,
      1.0,
      0.15789473684210525,
      0.3,
      1.0,
      1.0,
      0.2,
      0.8421052631578947,
      0.45,
      1.0,
      1.0,
      0.45,
      0.2,
      1.0,
      1.0,
      0.75,
      1.0,
      1.0,
      0.3,
      1.0,
      1.0
    ],
    "latency_ms": [
      101.99712355500839,
      74.96743019936645,
      291.4062073021861,
      331.63787866362577,
      225.171455464543,
      493.4056075452225,
      331.26734182734157,
      300.1444772239195,
      479.1850691926445,
      52.73555223535464,
      536.5285599214599,
      801.4119239157357,
      276.64652883690684,
      70.4679317516268,
      364.8957644741196,
      197.84754102768525,
      322.82852454919856,
      359.3390435862447,
      593.1079104098872,
      286.8597489487452,
      246.6204212900258,
      251.65714136408434,
      368.79674371337074,
      459.82921843714985,
      525.5605185647876,
      598.4104937797277,
      147.071673480211,
      597.8036998231298,
      52.418175748582975,
      116.01843078442445,
      402.8495953932034,
      358.2766251550305,
      252.20812662601776,
      248.40828363782137,
      416.3647158264332,
      39.32665024754401,
      307.33261362915783,
      525.1937357970716,
      126.95362185722384,
      611.7250040364505,
      54.04488253866353,
      159.46465551822112,
      244.14236346023844,
      387.99216376106403,
      326.6570548585537,
      645.2371029708262,
      634.6034996487987,
      544.090957759395,
      362.26480903463226,
      472.88797303084516,
      93.47798553846347,
      412.58624757465645,
      585.0394355730696,
      382.88584355978315,
      136.78517047104103,
      332.7991401075124,
      147.43899090234981,
      369.7586405247989,
      362.0422942978771,
      229.68681775340482,
      62.97190247932378,
      61.11068102210334,
      322.79614121610837,
      46.37973826614843,
      470.74780725400404,
      239.68200579959904,
      492.26926594415886,
      625.423398544955,
      207.42330607549104,
      321.1530543308862,
      369.8474845994267,
      305.40207294095273,
      202.67843533405824,
      319.84990877390476,
      232.93497265704863,
      29.992657920532125,
      531.583013861926,
      58.48799618611043,
      542.6290961410962,
      93.58990364980771,
      46.50046777172889,
      376.0222526767447,
      395.55374338616167,
      327.2955161508368,
      115.77625439796297,
      356.268050050338,
      420.71091796978703,
      373.1766766627773,
      99.3610983896848,
      77.67203093566457,
      752.5019807044225,
      274.547128985793,
      574.2581990629526,
      219.3863648565034,
      593.2001196520988,
      134.72540946291747,
      485.65132719870365,
      375.8038051588377,
      39.72478220987027,
      494.57720124443904
    ],
    "deadline_miss": [
      0,
      0,
      0,
      0,
      0,
      0,
      0,
      0,
      0,
      0,
      0,
      0,
      0,
      0,
      0,
      0,
      0,
      0,
      0,
      0,
      0,
      0,
      0,
      0,
      0,
      0,
      0,
      0,
      0,
      0,
      0,
      0,
      0,
      0,
      0,
      0,
      0,
      0,
      0,
      0,
      0,
      0,
      0,
      0,
      0,
      0,
      0,
      0,
      0,
      0,
      0,
      0,
      0,
      0,
      0,
      0,
      0,
      0,
      0,
      0,
      0,
      0,
      0,
      0,
      0,
      0,
      0,
      0,
      0,
      0,
      0,
      0,
      0,
      0,
      0,
      0,
      0,
      0,
      0,
      0,
      0,
      0,
      0,
      0,
      0,
      0,
      0,
      0,
      0,
      0,
      0,
      0,
      0,
      0,
      0,
      0,
      0,
      0,
      0,
      0
    ],