{
  "method": "rl_node",
  "seed": 3,
  "summary": {
    "reward": 144.4018389393624,
    "success_rate": 0.7961752136752136,
    "latency_ms": 298.7125383032946,
    "deadline_miss": 0.0,
    "reschedule_count": 4.82,
    "num_task_nodes": 12.44,
    "episode_steps": 50.0
  },
  "episodes": {
    "reward": [
      120.60034927820966,
      109.96259255310079,
      156.93100940092765,
      117.98840605327884,
      92.44027035587759,
      146.99443596792293,
      70.71871482895413,
      167.46418583746294,
      89.93788961896314,
      171.53366753879294,
      156.84369389374618,
      98.12981711093403,
      163.4591964578481,
      167.04854130497867,
      173.45946228337394,
      159.11699366993932,
      171.5443945389594,
      157.63631835143912,
      159.5351203150998,
      162.40970978053656,
      136.9086090728735,
      101.45480502597367,
      172.5646351354549,
      74.28895352914058,
      109.34866384952352,
      164.55214012738367,
      169.03688855304432,
      157.75615920713358,
      158.47096003032385,
      158.12443208294567,
      127.4667167044781,
      159.23574634600374,
      116.67067234735238,
      167.5629797254892,
      160.51883435351968,
      125.56720777309776,
      170.83823916068658,
      156.95565631136824,
      171.02058533158657,
      142.95795512656989,
      133.71187598058526,
      165.51988728230003,
      160.23623329118274,
      72.81914672277951,
      153.346702445506,
      167.51105675373353,
      124.41231908338246,
      170.75271575483544,
      170.20212136243765,
      160.5775724903236,
      87.5311460403472,
      169.57356477566896,
      167.06197799513544,
      100.0471355183976,
      162.27135799025496,
      170.9479466155199,
      168.69296024096542,
      172.44096466745916,
      106.6199402152802,
      148.49509344768603,
      170.27473077325095,
      152.10135436506707,
      163.12613158409786,
      162.69556337968606,
      133.7327474877298,
      163.0706725572527,
      126.91282384824764,
      127.2327458487101,
      115.29547511692668,
      162.25120750995566,
      139.61905790282907,
      167.18995877937962,
      142.97288946074002,
      164.25049244319734,
      161.72851984315528,
      149.5283431779641,
      165.39876082153387,
      153.44469832279788,
      166.86823713947783,
      159.7206900094724,
      100.53660065611032,
      103.90900586993965,
      170.41838481134477,
      169.08685875205936,
      166.0824402097946,
      162.86236954059902,
      127.11334981050628,
      141.96888535929682,
      150.5117776642122,
      77.94523011698057,
      104.76787305909433,
      144.98287226035268,
      134.86557502725725,
      160.66212966702884,
      158.96091383309832,
      105.90154005737885,
      170.27297697575239,
      135.23926075784013,
      133.69081934020605,
      125.1626021878371
    ],
    "success_rate": [
      0.7894736842105263,
      0.3157894736842105,
      1.0,
      0.5263157894736842,
      0.4,
      0.95,
      0.15789473684210525,
      1.0,
      0.3,
      1.0,
      1.0,
      0.3,
      1.0,
      1.0,
      1.0,
      1.0,
      1.0,
      0.9230769230769231,
      1.0,
      1.0,
      0.9333333333333333,
      0.2631578947368421,
      1.0,
      0.1,
      0.3,
      1.0,
      1.0,
      1.0,
      1.0,
      1.0,
      0.5,
      1.0,
      0.3,
      1.0,
      1.0,
      0.35,
      1.0,
      1.0,
      1.0,
      0.9444444444444444,
      0.6666666666666666,
      1.0,
      1.0,
      0.10526315789473684,
      1.0,
      1.0,
      0.4,
      1.0,
      1.0,
      1.0,
      0.2631578947368421,
      1.0,
      1.0,
      0.3157894736842105,
      1.0,
      1.0,
      1.0,
      1.0,
      0.25,
      1.0,
      1.0,
      1.0,
      1.0,
      1.0,
      0.9473684210526315,
      1.0,
      0.5789473684210527,
      0.65,
      0.5,
      1.0,
      0.5,
      1.0,
      0.8421052631578947,
      1.0,
      1.0,
      1.0,
      1.0,
      1.0,
      1.0,
      1.0,
      0.3684210526315789,
      0.47368421052631576,
      1.0,
      1.0,
      1.0,
      1.0,
      0.7,
      0.6842105263157895,
      0.7368421052631579,
      0.2,
      0.35,
      0.7894736842105263,
      0.6842105263157895,
      1.0,
      1.0,
      0.35,
      1.0,
      0.75,
      0.7368421052631579,
      0.42105263157894735
    ],
    "latency_ms": [
      743.6918460306608,
      224.09928825832455,
      377.96305300366635,
      471.5265211330905,
      457.3882605913746,
      531.2067562364716,
      253.86686177426992,
      144.8903797185372,
      394.36807699618976,
      76.50596526943211,
      322.45963810301134,
      314.06007664750075,
      221.90358653154146,
      160.5596409917761,
      48.605470658318595,
      333.33157186244887,
      68.2764180720005,
      242.75183126085565,
      254.92963062602138,
      210.56243241300814,
      667.546620851705,
      267.56801304831015,
      38.128640898291614,
      241.14238656270948,
      261.7038073649608,
      174.14555030888027,
      100.92421340127298,
      257.8828210549734,
      280.96815902715514,
      350.6575683612157,
      487.8694380566962,
      295.527677087273,
      275.6726359523941,
      136.8151340202862,
      244.66411737685152,
      208.60253423983363,
      76.33168853097212,
      320.0625816130538,
      72.45877725610134,
      723.3857024458196,
      589.3388824022812,
      159.28921695089124,
      271.1063344559083,
      217.30257527160845,
      549.3718375373127,
      172.52506934772578,
      381.90890853006323,
      76.2460253746982,
      93.26207307449607,
      272.9421960669132,
      283.43635978088776,
      119.00906478914749,
      169.6863898891109,
      459.08167824326443,
      195.1292231945017,
      72.96683891314791,
      149.22644875168677,
      63.0742761557276,
      281.9924104799496,
      478.5483444086044,
      97.07683923762642,
      394.64790996376513,
      208.3340878384916,
      212.6731380159194,
      806.5093207803922,
      237.94234632102695,
      393.14602282375813,
      439.14228451439504,
      257.69917658234954,
      234.9902160381153,
      382.07304547591747,
      130.97181346954594,
      739.7969294674789,
      163.12916885409882,
      240.03832197692762,
      539.9278072474754,
      197.20166693087162,
      362.50090843844976,
      162.8979891001086,
      222.21722673740373,
      471.3132434786543,
      579.2907648955158,
      74.21513090976151,
      116.70589778873149,
      121.11998468256694,
      219.2201637615786,
      485.2905443815214,
      553.755349945501,
      469.6608000701569,
      296.002056981342,
      429.4776378396117,
      487.70019962188064,
      456.42321493886254,
      283.32994850803465,
      238.01870733791662,
      388.3417097806223,
      118.11764824947805,
      471.42246514458526,
      520.6197111859724,
      277.86290375786564
    ],
    "deadline_miss": [
      0,
      0,
      0,
      0,
      0,
      0,
      0,
      0,
      0,
      0,
      0,
      0,
      0,
      0,
      0,
      0,
      0,
      0,
      0,
      0,
      0,
      0,
      0,
      0,
      0,
      0,
      0,
      0,
      0,
      0,
      0,
      0,
      0,
      0,
      0,
      0,
      0,
      0,
      0,
      0,
      0,
      0,
      0,
      0,
      0,
      0,
      0,
      0,
      0,
      0,
      0,
      0,
      0,
      0,
      0,
      0,
      0,
      0,
      0,
      0,
      0,
      0,
      0,
      0,
      0,
      0,
      0,
      0,
      0,
      0,
      0,
      0,
      0,
      0,
      0,
      0,
      0,
      0,
      0,
      0,
      0,
      0,
      0,
      0,
      0,
      0,
      0,
      0,
      0,
      0,
      0,
      0,
      0,
      0,
      0,
      0,
      0,
      0,
      0,
      0
    ],