{
  "method": "rl_node",
  "seed": 4,
  "summary": {
    "reward": 142.0707831552965,
    "success_rate": 0.8101119886735211,
    "latency_ms": 335.3561401164334,
    "deadline_miss": 0.0,
    "reschedule_count": 4.44,
    "num_task_nodes": 12.03,
    "episode_steps": 50.0
  },
  "episodes": {
    "reward": [
      152.33342263150828,
      108.1779525350686,
      110.15327560799565,
      173.5988795863967,
      164.87815659205026,
      92.6292506110782,
      127.45298658405738,
      143.37275031675762,
      156.82023037348773,
      76.83389189848724,
      110.7688151615687,
      130.1290802577024,
      174.14893638944923,
      116.22750660798171,
      111.45314308814726,
      152.53330506398402,
      169.04278360149092,
      168.7660150037943,
      93.23723459996238,
      155.3295548931839,
      172.32566697765037,
      163.9034637073285,
      158.21552134150903,
      157.18098430156087,
      167.07630110855882,
      95.71100577345489,
      160.82102023791333,
      169.5860878811942,
      131.5549873252237,
      157.05717421286212,
      90.62659914981214,
      168.0985344876979,
      163.92149747856783,
      168.80719170159867,
      121.68216015731493,
      134.0555902899826,
      95.97571297951973,
      149.70390813509024,
      164.14251237572608,
      164.5652805736422,
      142.57715093659246,
      150.20548806994213,
      165.53847440579688,
      80.17045618547974,
      144.52422074324426,
      116.02454869358691,
      161.53862977315882,
      152.83616123465583,
      96.41244223896847,
      105.56195936606107,
      110.50630646592882,
      149.8301862894765,
      170.6655259278342,
      173.38756813571325,
      154.80511598971847,
      87.04725530643752,
      150.6818020395775,
      158.83903450686094,
      164.05008019183984,
      148.02000645733978,
      168.99331220140385,
      163.72450107519649,
      161.77971970925185,
      150.03760673585955,
      161.67849435303535,
      172.12359261852998,
      89.6967084930072,
      164.5823964706701,
      152.31400219905134,
      162.50322460923388,
      123.75491418399973,
      82.93498720053302,
      134.46013733266258,
      106.99046874013004,
      159.26492038153475,
      139.90174816211618,
      166.18143006136378,
      141.98061067028226,
      154.91841836950874,
      173.12170122910356,
      148.28735654798086,
      106.38113629805333,
      156.7447039696088,
      157.62985825610255,
      141.02394232017346,
      150.3401002400929,
      101.87201793275933,
      162.52718960252196,
      100.5184781271507,
      143.60870793734836,
      148.65200861720294,
      166.61169398609337,
      155.52842299383903,
      160.4121704662558,
      159.88450316658705,
      156.25295599196738,
      153.92235198140196,
      150.5585575045463,
      120.65824922520608,
      108.60023100970932
    ],
    "success_rate": [
      1.0,
      0.45,
      0.47368421052631576,
      1.0,
      1.0,
      0.3,
      0.6428571428571429,
      1.0,
      1.0,
      0.25,
      0.4,
      0.5714285714285714,
      1.0,
      0.6,
      0.4,
      1.0,
      1.0,
      1.0,
      0.4,
      0.8888888888888888,
      1.0,
      1.0,
      1.0,
      1.0,
      1.0,
      0.5,
      1.0,
      1.0,
      0.6875,
      1.0,
      0.45,
      1.0,
      1.0,
      1.0,
      0.7857142857142857,
      0.6842105263157895,
      0.35,
      0.9166666666666666,
      1.0,
      1.0,
      0.9,
      0.9285714285714286,
      1.0,
      0.3,
      0.9230769230769231,
      0.3,
      1.0,
      1.0,
      0.45,
      0.25,
      0.45,
      0.8333333333333334,
      1.0,
      1.0,
      1.0,
      0.3,
      0.9230769230769231,
      1.0,
      1.0,
      1.0,
      1.0,
      1.0,
      1.0,
      1.0,
      1.0,
      1.0,
      0.4,
      1.0,
      1.0,
      1.0,
      0.6428571428571429,
      0.3,
      0.75,
      0.5,
      1.0,
      0.8333333333333334,
      1.0,
      0.8333333333333334,
      1.0,
      1.0,
      0.8181818181818182,
      0.2857142857142857,
      1.0,
      1.0,
      0.9090909090909091,
      0.9090909090909091,
      0.25,
      1.0,
      0.4,
      0.9,
      1.0,
      1.0,
      1.0,
      1.0,
      1.0,
      1.0,
      1.0,
      1.0,
      0.5,
      0.47058823529411764
    ],
    "latency_ms": [
      393.7836012578529,
      569.8584073558351,
      345.4000357869624,
      31.58237529150108,
      148.96771854291484,
      435.9870783735885,
      495.95495993823545,
      571.325105830638,
      390.29074445585456,
      533.1137383747762,
      477.9672157839558,
      355.88942592746974,
      30.935047507247805,
      514.8983799048884,
      326.83892509817747,
      335.6453623945082,
      121.23128824964644,
      106.1076832959013,
      348.29682255310274,
      201.57474608798597,
      60.540694729446216,
      234.52596035238588,
      337.0527953394891,
      456.92959860031374,
      125.69346134375348,
      402.7929225332309,
      275.51049903366254,
      110.102816827772,
      431.58689115332277,
      268.1089494132715,
      682.8045539933763,
      132.05621957852065,
      187.98126433483105,
      119.46037265782495,
      775.4474579232956,
      613.9260965544389,
      237.91825170920373,
      422.3573985920265,
      225.22534062164496,
      203.6671159251006,
      400.45304378068647,
      412.91269194413024,
      212.25092643369248,
      430.64003520537864,
      554.4534724869902,
      322.377041601278,
      216.99168903091544,
      425.59268668420816,
      303.81849415971027,
      453.402690335462,
      250.5612362135123,
      205.8979447754876,
      84.01426355447842,
      39.25452019767573,
      379.1187799752795,
      394.80177749480964,
      426.84131816703143,
      251.58337760379356,
      182.42060826446792,
      655.7974512924684,
      126.13861739731416,
      189.77473468878298,
      227.47077959076694,
      469.7638254975383,
      210.69651307037284,
      64.86860969602361,
      508.59458250750197,
      172.00142032898032,
      351.0123568274786,
      226.24502306806747,
      416.2162351483046,
      325.200067656438,
      505.2568784798409,
      403.2856334619446,
      228.00833063087157,
      537.5954533894594,
      198.75844120006,
      399.78129844764527,
      354.54813620399386,
      36.92904833836496,
      331.9010163398457,
      273.1209718213423,
      335.5974473086783,
      278.26967408250107,
      579.6712799404098,
      639.5211602321649,
      242.6262944806887,
      238.44362200701238,
      453.06343269699846,
      363.9068242237496,
      531.2609392736931,
      166.1247196244544,
      345.3056574612797,
      300.55475512516915,
      264.93067297241936,
      453.2690496421253,
      507.7738439514153,
      542.8756164287526,
      499.3253258032819,
      593.4043501681949
    ],
    "deadline_miss": [
      0,
      0,
      0,
      0,
      0,
      0,
      0,
      0,
      0,
      0,
      0,
      0,
      0,
      0,
      0,
      0,
      0,
      0,
      0,
      0,
      0,
      0,
      0,
      0,
      0,
      0,
      0,
      0,
      0,
      0,
      0,
      0,
      0,
      0,
      0,
      0,
      0,
      0,
      0,
      0,
      0,
      0,
      0,
      0,
      0,
      0,
      0,
      0,
      0,
      0,
      0,
      0,
      0,
      0,
      0,
      0,
      0,
      0,
      0,
      0,
      0,
      0,
      0,
      0,
      0,
      0,
      0,
      0,
      0,
      0,
      0,
      0,
      0,
      0,
      0,
      0,
      0,
      0,
      0,
      0,
      0,
      0,
      0,
      0,
      0,
      0,
      0,
      0,
      0,
      0,
      0,
      0,
      0,
      0,
      0,
      0,
      0,
      0,
      0,
      0
    ],