{
  "method": "rl_node",
  "seed": 1,
  "summary": {
    "reward": 145.26373366354258,
    "success_rate": 0.8217045984201558,
    "latency_ms": 329.7053403140142,
    "deadline_miss": 0.0,
    "reschedule_count": 3.89,
    "num_task_nodes": 10.57,
    "episode_steps": 50.0
  },
  "episodes": {
    "reward": [
      129.44229497892178,
      167.1424152378558,
      167.39360585319156,
      135.73098585229272,
      170.54358622348596,
      119.39684023603654,
      152.95120045382396,
      119.33254535948484,
      144.13739768311513,
      173.67782041245582,
      161.10242158207487,
      153.24081103747193,
      173.11406063389572,
      173.28607605993895,
      171.01542770941322,
      153.33720529148044,
      168.4679402052648,
      108.01208118856323,
      166.46063857333323,
      163.15947337994507,
      172.16016691648457,
      142.09711761455128,
      154.34139175502938,
      85.56504238833536,
      128.75502621409365,
      147.2832864971847,
      167.59293988309906,
      132.38442069598696,
      169.14598106388385,
      120.15866737625912,
      161.19759109684625,
      170.4922775445603,
      120.79213833952996,
      136.8018069938036,
      145.74875001721966,
      94.77909991978646,
      171.84398017269584,
      172.7988497193197,
      172.62211641747868,
      154.23906457437232,
      168.16885716285898,
      128.08087035748096,
      141.28430240808987,
      109.87969636052472,
      164.4506630771777,
      76.69365274634644,
      105.7327124776884,
      103.27108951924245,
      169.76776014946253,
      165.3993297323802,
      169.58038678890034,
      157.72833388484617,
      153.5890605411541,
      166.9403816641499,
      164.62632137948867,
      161.73389282785445,
      112.82809414041883,
      160.7219431367708,
      164.1594684189118,
      134.28046998253507,
      149.7364781504732,
      170.1471491010512,
      160.01704008218528,
      153.6942601210223,
      114.07228436736871,
      101.03153187275328,
      163.54662169067197,
      159.18409381230043,
      136.89138366577004,
      122.59531648953535,
      149.89409032970835,
      88.64977519542589,
      153.69118200717332,
      138.7242888561149,
      135.1694911487474,
      165.11807751255972,
      143.98212007958796,
      114.27340531935201,
      159.69061058878842,
      103.68799163543662,
      156.52194322712955,
      169.76008236851646,
      164.45368493129556,
      162.7210261020564,
      148.91875127316652,
      138.39898884596417,
      102.95539147218688,
      141.8886466339993,
      145.09462345828655,
      113.62686137564589,
      155.3838267879827,
      105.85214569993498,
      170.84093215472961,
      166.9124089014454,
      158.11555093933873,
      151.29943706781597,
      150.02986395524348,
      130.58573323375208,
      143.85040950043413,
      94.70403649045834
    ],
    "success_rate": [
      0.7,
      1.0,
      1.0,
      0.6923076923076923,
      1.0,
      0.5882352941176471,
      0.7692307692307693,
      0.5833333333333334,
      0.8461538461538461,
      1.0,
      1.0,
      1.0,
      1.0,
      1.0,
      1.0,
      0.9333333333333333,
      1.0,
      0.5,
      1.0,
      1.0,
      1.0,
      0.7777777777777778,
      1.0,
      0.2222222222222222,
      0.5333333333333333,
      0.8181818181818182,
      1.0,
      0.6875,
      1.0,
      0.6,
      1.0,
      1.0,
      0.6,
      0.8181818181818182,
      0.7692307692307693,
      0.6111111111111112,
      1.0,
      1.0,
      1.0,
      1.0,
      1.0,
      0.46153846153846156,
      0.8461538461538461,
      0.45,
      1.0,
      0.25,
      0.4,
      0.25,
      1.0,
      1.0,
      1.0,
      0.8571428571428571,
      1.0,
      1.0,
      1.0,
      1.0,
      0.4,
      1.0,
      1.0,
      0.8181818181818182,
      1.0,
      1.0,
      1.0,
      1.0,
      0.6,
      0.42105263157894735,
      1.0,
      1.0,
      0.7692307692307693,
      0.5,
      0.9,
      0.3,
      1.0,
      0.8461538461538461,
      0.8333333333333334,
      1.0,
      0.7692307692307693,
      0.35294117647058826,
      1.0,
      0.35714285714285715,
      1.0,
      1.0,
      1.0,
      1.0,
      1.0,
      0.95,
      0.2,
      0.8888888888888888,
      0.9090909090909091,
      0.5714285714285714,
      0.9,
      0.4117647058823529,
      1.0,
      1.0,
      1.0,
      1.0,
      0.9166666666666666,
      0.6153846153846154,
      1.0,
      0.375
    ],
    "latency_ms": [
      783.5838296547065,
      193.34116762765825,
      124.99947008083402,
      473.03790144722984,
      101.57800907403046,
      502.3087529158746,
      292.70060654879,
      426.55412431121954,
      356.8371303203531,
      34.67317737619739,
      218.35563445871855,
      476.45720494192005,
      40.00663086230363,
      40.360233619251574,
      99.62336209905666,
      450.25226233039825,
      162.7594003137889,
      669.0462838435792,
      191.21976787863093,
      251.38032331839196,
      76.40721739747099,
      365.51792655469444,
      349.2642808648418,
      421.73899983431056,
      384.87488931936156,
      313.34839482715483,
      172.04103600554106,
      537.309463923527,
      150.65092158258545,
      622.0431887773511,
      263.8048151017173,
      90.10427987403986,
      555.4126474523598,
      603.5284393030383,
      370.2550416491426,
      836.3997088807927,
      69.80721065612002,
      50.00314910523542,
      43.78001311984905,
      383.2589947397997,
      128.8748732887928,
      330.90293958912304,
      444.76088243982156,
      421.0042898256048,
      199.66631473982463,
      332.9120436215587,
      435.9662136973416,
      226.63743410700548,
      126.33629700337318,
      180.20894155701794,
      164.82512446845163,
      191.8582488198562,
      416.07852031763764,
      149.68223626091893,
      186.62314612777996,
      286.1714256764974,
      334.9923603662111,
      236.1063358763913,
      210.14465088723412,
      708.5843560414169,
      470.58877052819804,
      117.25370606920359,
      273.4478802483321,
      381.90582267779007,
      650.8095339533434,
      454.68189516847406,
      223.96966242837357,
      265.6026226952425,
      492.42633167535735,
      385.56927666307234,
      420.2314605843775,
      267.76633409865906,
      371.1681547629766,
      486.37396601316004,
      597.5261561751979,
      170.4262142209833,
      424.08010056787043,
      309.37833717711084,
      349.54082592131533,
      445.3187786448623,
      347.29812815771845,
      110.22649971580664,
      201.8757704572376,
      244.94275672129,
      633.2175925617883,
      672.4918090026474,
      337.5515529519231,
      349.96300531453596,
      412.73211402962,
      471.60940936579823,
      210.2938614024349,
      307.9838444001025,
      90.49930901717978,
      160.61780049825256,
      280.59050220135236,
      421.8963877309314,
      374.162692116428,
      466.2632431746156,
      618.895394287444,
      438.3940013166904
    ],
    "deadline_miss": [
      0,
      0,
      0,
      0,
      0,
      0,
      0,
      0,
      0,
      0,
      0,
      0,
      0,
      0,
      0,
      0,
      0,
      0,
      0,
      0,
      0,
      0,
      0,
      0,
      0,
      0,
      0,
      0,
      0,
      0,
      0,
      0,
      0,
      0,
      0,
      0,
      0,
      0,
      0,
      0,
      0,
      0,
      0,
      0,
      0,
      0,
      0,
      0,
      0,
      0,
      0,
      0,
      0,
      0,
      0,
      0,
      0,
      0,
      0,
      0,
      0,
      0,
      0,
      0,
      0,
      0,
      0,
      0,
      0,
      0,
      0,
      0,
      0,
      0,
      0,
      0,
      0,
      0,
      0,
      0,
      0,
      0,
      0,
      0,
      0,
      0,
      0,
      0,
      0,
      0,
      0,
      0,
      0,
      0,
      0,
      0,
      0,
      0,
      0,
      0
    ],