{
  "method": "rl_node",
  "seed": 2,
  "summary": {
    "reward": 147.3042080951435,
    "success_rate": 0.8346645197767489,
    "latency_ms": 327.55758446215066,
    "deadline_miss": 0.0,
    "reschedule_count": 3.96,
    "num_task_nodes": 11.96,
    "episode_steps": 50.0
  },
  "episodes": {
    "reward": [
      150.92232707953568,
      116.74697020794483,
      172.63857388174998,
      167.62089452884936,
      173.41015555583286,
      142.56106632575617,
      173.1798177139328,
      135.56404192434883,
      157.05499753960856,
      168.84592941696826,
      152.7784722554007,
      122.85582512995416,
      130.54130738923843,
      91.88183342045404,
      152.80266038509833,
      115.5747291962347,
      153.7094512778978,
      98.78025571511276,
      129.16070881687028,
      140.44618201683946,
      170.1519520645638,
      115.08620452306471,
      164.77030012018142,
      161.42239366930838,
      164.29601007061692,
      159.62383568898895,
      159.79132311083484,
      171.16931036075016,
      172.95332865162544,
      120.79000338576307,
      158.61608885977523,
      149.5404663048036,
      102.17681904538587,
      144.01474226641466,
      157.31765040518326,
      110.44298094383332,
      146.86544932534366,
      155.61083298844565,
      156.16010358934733,
      92.26353730244112,
      146.72726141212027,
      141.9430002919845,
      169.4462132871502,
      118.06868435138381,
      172.47045741866063,
      158.85204401495346,
      131.04905971384625,
      162.09802154718267,
      137.8854504058806,
      162.71780754711608,
      168.83525942822877,
      169.90146033418043,
      168.0091260829409,
      162.51306654852505,
      167.25288420901768,
      87.38023655052257,
      160.54940939650788,
      105.06126448814132,
      167.9091236399478,
      155.5721193787833,
      145.37157714124726,
      170.0274064157973,
      168.79009023983923,
      102.57987504804917,
      101.17212802308725,
      166.47856222678033,
      163.78948661773222,
      170.85803999169056,
      170.28869638130277,
      132.96873436394745,
      170.6448093448341,
      144.00939432914893,
      164.11784171909738,
      147.4056609207764,
      149.2257180358845,
      167.8802754762128,
      121.30057470391804,
      166.6807341960161,
      158.75162204349442,
      167.0162376404129,
      163.00843134932373,
      122.65172991488109,
      74.64276356341288,
      166.64482865457717,
      172.03506766080676,
      128.54692717136828,
      152.22498483868455,
      160.00216915551877,
      164.9528746075992,
      156.3572663818139,
      122.56741470316713,
      170.23969770844954,
      117.9329414812369,
      140.5136469526886,
      160.02557063981402,
      144.31274896404167,
      144.92571392970984,
      130.82732692399668,
      122.14873627097853,
      172.12102128163997
    ],
    "success_rate": [
      0.9285714285714286,
      0.55,
      1.0,
      1.0,
      1.0,
      0.9473684210526315,
      1.0,
      0.7692307692307693,
      1.0,
      1.0,
      1.0,
      0.3888888888888889,
      0.6666666666666666,
      0.3,
      1.0,
      0.6111111111111112,
      1.0,
      0.21052631578947367,
      0.5294117647058824,
      0.9333333333333333,
      1.0,
      0.45,
      1.0,
      1.0,
      1.0,
      1.0,
      1.0,
      1.0,
      1.0,
      0.5384615384615384,
      1.0,
      1.0,
      0.4117647058823529,
      0.8461538461538461,
      1.0,
      0.3888888888888889,
      0.8333333333333334,
      0.9166666666666666,
      0.9,
      0.21052631578947367,
      1.0,
      1.0,
      1.0,
      0.375,
      1.0,
      1.0,
      0.6666666666666666,
      1.0,
      0.8,
      1.0,
      1.0,
      1.0,
      1.0,
      1.0,
      1.0,
      0.3157894736842105,
      1.0,
      0.4,
      1.0,
      1.0,
      0.8571428571428571,
      1.0,
      1.0,
      0.47058823529411764,
      0.3,
      1.0,
      1.0,
      1.0,
      1.0,
      0.5,
      1.0,
      0.9090909090909091,
      1.0,
      1.0,
      0.8333333333333334,
      1.0,
      0.5,
      1.0,
      1.0,
      1.0,
      1.0,
      0.5333333333333333,
      0.2,
      1.0,
      1.0,
      0.7142857142857143,
      0.9333333333333333,
      1.0,
      1.0,
      1.0,
      0.5,
      1.0,
      0.55,
      0.7857142857142857,
      1.0,
      0.7857142857142857,
      1.0,
      0.65,
      0.5555555555555556,
      1.0
    ],
    "latency_ms": [
      284.6617985527639,
      487.4307049335627,
      54.613064565352595,
      123.99219433169576,
      41.236709351453385,
      583.4647992354526,
      43.36941899353939,
      429.9566830705839,
      354.7788493977762,
      93.44092046952697,
      357.2006375475159,
      494.2805513739813,
      449.5129283413518,
      581.926269186912,
      380.8932490028417,
      460.4818168159877,
      445.9103060969051,
      264.7260647472327,
      424.6159692001088,
      692.5624423936725,
      101.01756354266126,
      326.5864144735956,
      163.5875690066009,
      287.14439127134784,
      187.1539141023701,
      272.9101538859037,
      353.7535178448943,
      78.63123457223719,
      41.73606731942803,
      392.22799211287156,
      336.6084540025996,
      518.2835370780522,
      336.0688490860941,
      608.5863043896206,
      393.7891744780405,
      470.06799435085804,
      450.6083588561741,
      471.1810876199976,
      211.3354339057604,
      238.66655750476616,
      619.3824867823266,
      675.1895161886442,
      99.0271401669134,
      352.40173453262526,
      53.020297122889254,
      332.843920842863,
      546.6592797663747,
      232.32765008879522,
      436.8275573215815,
      181.70380615043138,
      164.80687237625276,
      88.02323329692518,
      114.16186826523467,
      217.16977659443597,
      121.29371931981342,
      356.0504240300053,
      259.01735897879695,
      913.0721965481939,
      146.51064084805347,
      380.74632875908236,
      546.7069747032768,
      80.71434926534783,
      92.88699614822615,
      701.8099526609158,
      438.6649106479797,
      172.40261207299264,
      205.97596592833088,
      82.74767776328015,
      75.96431899617575,
      432.748665678615,
      110.95394385141708,
      544.526830647724,
      237.08266000403313,
      548.5612598384001,
      477.4018719951299,
      130.82032716322283,
      599.3075276776485,
      183.55420501266622,
      309.2443496802924,
      140.98864632716044,
      204.14877045501652,
      381.21600763523094,
      317.926087371328,
      147.52688466278994,
      56.805926854815155,
      761.9368186883826,
      506.3485932585731,
      230.2227291310681,
      224.14364308061556,
      348.8470302366536,
      345.9883626389344,
      106.96197594927393,
      439.8875679747032,
      416.5009862258844,
      290.6675511605466,
      491.3436606631347,
      657.1756838323537,
      466.57721782319203,
      575.682075016496,
      93.55107250091326
    ],
    "deadline_miss": [
      0,
      0,
      0,
      0,
      0,
      0,
      0,
      0,
      0,
      0,
      0,
      0,
      0,
      0,
      0,
      0,
      0,
      0,
      0,
      0,
      0,
      0,
      0,
      0,
      0,
      0,
      0,
      0,
      0,
      0,
      0,
      0,
      0,
      0,
      0,
      0,
      0,
      0,
      0,
      0,
      0,
      0,
      0,
      0,
      0,
      0,
      0,
      0,
      0,
      0,
      0,
      0,
      0,
      0,
      0,
      0,
      0,
      0,
      0,
      0,
      0,
      0,
      0,
      0,
      0,
      0,
      0,
      0,
      0,
      0,
      0,
      0,
      0,
      0,
      0,
      0,
      0,
      0,
      0,
      0,
      0,
      0,
      0,
      0,
      0,
      0,
      0,
      0,
      0,
      0,
      0,
      0,
      0,
      0,
      0,
      0,
      0,
      0,
      0,
      0
    ],