{
  "method": "rnd",
  "seed": 3,
  "summary": {
    "reward": 134.2655015016198,
    "success_rate": 0.8114999999999999,
    "latency_ms": 397.1115848799537,
    "deadline_miss": 0.0,
    "reschedule_count": 4.79,
    "num_task_nodes": 19.93,
    "episode_steps": 50.0
  },
  "episodes": {
    "reward": [
      108.15706571250723,
      108.6724833257441,
      135.70792788282475,
      119.20032744119626,
      93.47227734608458,
      141.22354318505066,
      67.21872475602414,
      157.5695358548731,
      81.33240194301025,
      159.63654824439521,
      145.09485567885045,
      96.62837161531459,
      147.05014391467435,
      148.25038558602054,
      151.95715394650784,
      141.10569679977024,
      152.0086976838695,
      144.64292646741055,
      142.67498338502227,
      151.8301910383766,
      130.51664786043958,
      93.95998707207693,
      153.04095011283692,
      79.4631896496574,
      114.94176175270378,
      150.80442346948408,
      155.6810298099854,
      147.37051227932267,
      138.91102666340416,
      143.88523685727412,
      116.91464786435427,
      139.48646019163294,
      121.28848948437717,
      152.0514459102592,
      148.39916908288893,
      121.39387130762407,
      159.26014314547422,
      137.69842659266942,
      155.18065356055538,
      125.10754418812968,
      120.2509730526169,
      143.92623088811922,
      136.0896297640233,
      88.59167842305916,
      140.94641471010584,
      152.30010305262272,
      124.15480583937622,
      157.27440063595756,
      157.06406605789618,
      137.67567574056986,
      98.88955446024613,
      151.43525856688882,
      144.3525071416185,
      113.00898693782551,
      148.22788760155188,
      154.9566777553564,
      157.86720578333583,
      171.79218165142018,
      110.20105603584288,
      136.48726202042022,
      161.26254198648104,
      138.46359861694134,
      137.5378731587244,
      146.9997727627034,
      123.57257322151166,
      150.0486263354784,
      128.88131440581557,
      123.53453278810045,
      127.75399461929531,
      138.99651463615413,
      128.5425079611935,
      159.72630461269236,
      136.93232271706233,
      144.04923058265376,
      145.9341143224297,
      140.10844835907596,
      155.62772171397535,
      134.98686516482098,
      164.72937879529454,
      136.84361793671223,
      101.67835024999268,
      109.47051075674298,
      156.55282705858255,
      156.32143384774074,
      149.8746435118934,
      152.44683970750563,
      115.38378953241302,
      139.5597328625796,
      142.50299516789758,
      82.41530989770735,
      106.68730360107347,
      134.03623836995177,
      128.01795004760015,
      144.59701537481132,
      144.3981752672212,
      103.26586107557682,
      132.39372945692975,
      130.33344842379609,
      126.04051331663354,
      121.75921315668602
    ],
    "success_rate": [
      0.6,
      0.4,
      0.9,
      0.4,
      0.45,
      0.95,
      0.15,
      1.0,
      0.35,
      1.0,
      1.0,
      0.3,
      0.95,
      1.0,
      1.0,
      0.95,
      1.0,
      0.95,
      1.0,
      0.95,
      0.75,
      0.3,
      1.0,
      0.15,
      0.55,
      1.0,
      1.0,
      1.0,
      0.95,
      0.95,
      0.55,
      1.0,
      0.35,
      1.0,
      1.0,
      0.65,
      1.0,
      0.95,
      1.0,
      0.8,
      0.45,
      1.0,
      1.0,
      0.2,
      0.95,
      1.0,
      0.55,
      1.0,
      1.0,
      0.95,
      0.35,
      1.0,
      1.0,
      0.6,
      0.95,
      1.0,
      1.0,
      1.0,
      0.35,
      0.9,
      1.0,
      0.95,
      1.0,
      0.95,
      0.9,
      1.0,
      0.9,
      0.8,
      0.65,
      1.0,
      0.55,
      1.0,
      0.95,
      1.0,
      1.0,
      0.95,
      1.0,
      0.8,
      1.0,
      0.95,
      0.3,
      0.45,
      1.0,
      1.0,
      1.0,
      1.0,
      0.75,
      0.95,
      0.95,
      0.3,
      0.4,
      0.9,
      0.85,
      0.95,
      1.0,
      0.3,
      1.0,
      0.85,
      0.75,
      0.6
    ],
    "latency_ms": [
      495.2439497836098,
      418.2718908207525,
      313.5309815788091,
      306.31362351989685,
      659.3959229697064,
      390.7653773883071,
      254.64830498191787,
      280.85606981796695,
      488.83890616811567,
      222.9612518074067,
      557.1753523541757,
      455.453389634019,
      231.88669727949502,
      527.8004007633668,
      340.651989999552,
      445.697062969178,
      306.36808777267714,
      317.69472574135426,
      462.9285120401343,
      118.64505715083837,
      348.5539780432504,
      410.6736900843474,
      372.2759886472011,
      222.76709919003343,
      431.81792868546245,
      359.30347425385554,
      225.05893156175333,
      403.36153966601194,
      506.0799017327379,
      329.1738988639134,
      370.8886510445866,
      627.7200530795847,
      462.1288118089146,
      402.1322765976084,
      392.791461137498,
      428.674985545516,
      249.4995486587397,
      488.64154730163165,
      293.16203990475566,
      564.4292078378811,
      363.3354738730827,
      563.9879347292409,
      816.6647197606562,
      184.44070057373898,
      252.8500265012151,
      434.718360874121,
      291.516925542937,
      261.0882168690116,
      262.1292582772477,
      440.5445369934887,
      299.7014582469675,
      353.4920999874922,
      647.3645514662323,
      526.9520882884624,
      166.63274358843535,
      355.3644853795493,
      272.78169188089214,
      113.65155481820021,
      295.45125597434196,
      593.5394245887247,
      160.3580096457037,
      444.07028422131816,
      590.9085433866577,
      249.44520080599872,
      466.116362133689,
      440.5335279428099,
      551.7360518021114,
      448.49469788658996,
      379.4779975570487,
      645.1643092746101,
      366.86432209764587,
      199.92440582893784,
      497.00437442368457,
      416.7382572643161,
      471.78742107132075,
      445.88633959453733,
      408.620031872915,
      573.109900214154,
      211.23273400487116,
      306.52778571071303,
      490.0825847503587,
      415.9644568257147,
      254.2285505208874,
      325.68412198784756,
      549.6141003033805,
      324.4090793982001,
      653.596439511903,
      378.37360697458416,
      290.6842409974031,
      257.0948805534314,
      616.418210736048,
      344.376505503177,
      544.2350308017154,
      296.7943959157989,
      417.4161148865131,
      277.88765996751886,
      674.6079811867777,
      518.2235298376463,
      561.9494026542519,
      265.0469615419725
    ],
    "deadline_miss": [
      0,
      0,
      0,
      0,
      0,
      0,
      0,
      0,
      0,
      0,
      0,
      0,
      0,
      0,
      0,
      0,
      0,
      0,
      0,
      0,
      0,
      0,
      0,
      0,
      0,
      0,
      0,
      0,
      0,
      0,
      0,
      0,
      0,
      0,
      0,
      0,
      0,
      0,
      0,
      0,
      0,
      0,
      0,
      0,
      0,
      0,
      0,
      0,
      0,
      0,
      0,
      0,
      0,
      0,
      0,
      0,
      0,
      0,
      0,
      0,
      0,
      0,
      0,
      0,
      0,
      0,
      0,
      0,
      0,
      0,
      0,
      0,
      0,
      0,
      0,
      0,
      0,
      0,
      0,
      0,
      0,
      0,
      0,
      0,
      0,
      0,
      0,
      0,
      0,
      0,
      0,
      0,
      0,
      0,
      0,
      0,
      0,
      0,
      0,
      0
    ],