{
  "method": "rnd",
  "seed": 1,
  "summary": {
    "reward": 134.18944969710873,
    "success_rate": 0.8005000000000001,
    "latency_ms": 405.30769933601135,
    "deadline_miss": 0.0,
    "reschedule_count": 5.22,
    "num_task_nodes": 19.96,
    "episode_steps": 50.0
  },
  "episodes": {
    "reward": [
      123.80995483102302,
      154.8460933868434,
      155.07200168338653,
      118.24800795062062,
      161.85366162768224,
      104.77702869815113,
      149.91934979168127,
      112.43500019489542,
      133.51677369566235,
      167.06040263003368,
      150.18459757766095,
      136.88218230638512,
      155.33796370126777,
      170.67827305136774,
      159.1157328540552,
      140.00262778908296,
      151.3298775401704,
      106.58696946829333,
      153.40933696474335,
      144.79302726649635,
      150.74720265871395,
      129.61429430151685,
      139.15002185504488,
      82.36206216634487,
      113.82877660277268,
      142.6628438295063,
      155.54960124038848,
      114.68340318250806,
      150.44833650113534,
      124.72779540256694,
      149.58238570865504,
      157.69908682195373,
      99.20946517835725,
      122.69859056610336,
      137.73031481239752,
      96.73863436465612,
      166.73870006382117,
      152.677635683277,
      161.31730859649252,
      133.96999382190012,
      155.46970187823973,
      120.9584468243903,
      145.75700389414126,
      104.88154882982751,
      147.17135395634492,
      67.00210511316567,
      105.17659136285086,
      106.33023332061882,
      154.5105611953936,
      155.44352724747407,
      154.16831677946564,
      151.20631722416135,
      136.5445692341729,
      153.9884173135198,
      145.5220349244227,
      145.83534221783603,
      100.4166808727624,
      149.5665170039531,
      146.98325358028626,
      121.69701172969849,
      132.02498258990525,
      145.08638671586,
      150.81706162175948,
      140.95021717843477,
      105.9157878308621,
      97.67445886276752,
      150.14836477994976,
      142.387521237779,
      129.18155128012376,
      116.5698129527279,
      132.77627780443885,
      83.38440784408292,
      132.16338134609904,
      128.63407471310026,
      135.76020641386367,
      140.3895991175621,
      142.44990042486924,
      110.98796247338903,
      153.907406531052,
      95.87542518793042,
      147.55595416163226,
      149.3654191906094,
      148.95703851756215,
      147.66393847848298,
      121.58082855926504,
      125.04115785622393,
      100.89212612027602,
      131.41372292707877,
      135.64452113631788,
      110.28070511970462,
      144.36779547821757,
      105.41181145937097,
      157.9256473413307,
      153.02306023102287,
      147.7824597261414,
      145.66144055465986,
      141.50448513364677,
      122.66454792039634,
      130.28339675111408,
      84.21527527092572
    ],
    "success_rate": [
      0.8,
      1.0,
      1.0,
      0.4,
      1.0,
      0.4,
      0.95,
      0.45,
      0.85,
      1.0,
      0.95,
      0.95,
      1.0,
      1.0,
      1.0,
      0.85,
      1.0,
      0.45,
      1.0,
      1.0,
      1.0,
      0.85,
      0.95,
      0.25,
      0.35,
      0.95,
      1.0,
      0.75,
      1.0,
      0.9,
      1.0,
      1.0,
      0.3,
      0.65,
      0.65,
      0.65,
      1.0,
      1.0,
      1.0,
      0.95,
      1.0,
      0.4,
      0.95,
      0.4,
      1.0,
      0.15,
      0.35,
      0.3,
      1.0,
      1.0,
      1.0,
      0.95,
      0.95,
      1.0,
      1.0,
      0.95,
      0.4,
      0.95,
      1.0,
      0.7,
      0.95,
      1.0,
      1.0,
      0.95,
      0.6,
      0.4,
      1.0,
      0.95,
      0.75,
      0.25,
      0.75,
      0.15,
      0.95,
      0.85,
      0.8,
      1.0,
      0.95,
      0.45,
      0.95,
      0.25,
      1.0,
      1.0,
      1.0,
      1.0,
      0.7,
      0.9,
      0.35,
      0.85,
      0.8,
      0.6,
      0.95,
      0.4,
      1.0,
      1.0,
      0.95,
      0.95,
      0.95,
      0.6,
      0.95,
      0.45
    ],
    "latency_ms": [
      449.86617084411887,
      395.79370642456877,
      316.3848518592882,
      338.4187385522206,
      224.28342076810142,
      566.1908359604953,
      252.21840201110533,
      368.3094496488526,
      581.6773658778501,
      180.9415476976744,
      227.1442841713171,
      419.49516759266714,
      325.9807964535469,
      181.96906896320098,
      329.23586318680714,
      468.1453444953859,
      408.5971309005508,
      299.0394511683297,
      472.0200296237185,
      482.63534046365373,
      463.0421357632486,
      314.8329531287997,
      457.06348307154263,
      247.6773215753143,
      548.3049306084129,
      378.79389824782027,
      257.0169806774138,
      863.1907396724466,
      288.84295220466043,
      631.783782449737,
      539.3493586314577,
      305.3857274638386,
      470.63038033208437,
      630.3452482400796,
      295.1493741570909,
      816.6331317354717,
      109.46897642046716,
      287.12227379553457,
      189.780958905788,
      368.4497193101802,
      333.8567617008492,
      386.46177491002646,
      458.79877988317713,
      439.1263675874934,
      519.4924633145974,
      404.79070289384026,
      365.52137967381134,
      179.358595508502,
      346.05071547118564,
      384.9020058468391,
      401.46661902417213,
      175.8292775675472,
      440.97259282566466,
      290.35887685828163,
      470.57212967290036,
      349.64505653033797,
      393.2782789761002,
      221.791402251261,
      448.9311877705009,
      522.8195877639794,
      654.994224021557,
      424.92342379227574,
      400.58397518592494,
      387.74246972451084,
      762.181967105525,
      435.48735984442277,
      435.20672857113664,
      266.16378016637566,
      483.43772884129305,
      429.904202817895,
      484.68367792033087,
      260.3737132280934,
      438.9633900712815,
      655.5646701857784,
      472.6424284010534,
      737.4996500718066,
      298.9276251836677,
      563.2590137719761,
      126.26085249000096,
      135.20964663738383,
      518.8796711932374,
      355.2717878426764,
      368.51967017909897,
      534.866036403168,
      365.6070028065732,
      692.0839532158249,
      217.95091176822928,
      662.7017504823202,
      491.28647155937375,
      597.6286373372056,
      285.60477404384005,
      411.32412639760497,
      260.0497909978072,
      361.4086310900709,
      193.94982276000425,
      308.1855313183427,
      386.5350049806741,
      497.20601742159033,
      535.1865869846488,
      347.27737770064596
    ],
    "deadline_miss": [
      0,
      0,
      0,
      0,
      0,
      0,
      0,
      0,
      0,
      0,
      0,
      0,
      0,
      0,
      0,
      0,
      0,
      0,
      0,
      0,
      0,
      0,
      0,
      0,
      0,
      0,
      0,
      0,
      0,
      0,
      0,
      0,
      0,
      0,
      0,
      0,
      0,
      0,
      0,
      0,
      0,
      0,
      0,
      0,
      0,
      0,
      0,
      0,
      0,
      0,
      0,
      0,
      0,
      0,
      0,
      0,
      0,
      0,
      0,
      0,
      0,
      0,
      0,
      0,
      0,
      0,
      0,
      0,
      0,
      0,
      0,
      0,
      0,
      0,
      0,
      0,
      0,
      0,
      0,
      0,
      0,
      0,
      0,
      0,
      0,
      0,
      0,
      0,
      0,
      0,
      0,
      0,
      0,
      0,
      0,
      0,
      0,
      0,
      0,
      0
    ],