{
  "method": "rnd",
  "seed": 0,
  "summary": {
    "reward": 132.2962332549682,
    "success_rate": 0.7625,
    "latency_ms": 375.7359203650547,
    "deadline_miss": 0.0,
    "reschedule_count": 5.84,
    "num_task_nodes": 19.94,
    "episode_steps": 50.0
  },
  "episodes": {
    "reward": [
      149.80318931323558,
      166.0771438198792,
      146.48510302153798,
      104.08750850736355,
      83.44029106241415,
      138.05720214587174,
      101.03028659243381,
      112.44134710162382,
      129.20924519748115,
      150.48413030553664,
      121.12619803866471,
      129.48258359531962,
      148.5767896040223,
      155.25149225748126,
      123.96331029325016,
      149.41968495158602,
      144.02958252424665,
      104.54380214489701,
      135.65502739949423,
      98.35127947343547,
      141.62193002838612,
      97.46744225154445,
      125.48532629091764,
      141.25285813546023,
      146.6902721459242,
      135.67115069029657,
      152.58615725281254,
      131.55435604103997,
      163.25526642622043,
      159.85655136435133,
      93.76179927351036,
      137.19996176192117,
      132.39377768007913,
      102.78200246019865,
      107.092255256906,
      169.83352522289087,
      95.00804096555684,
      136.86697677306958,
      158.51651688861807,
      124.42501407283584,
      164.486749687925,
      161.44284678739962,
      107.3850966497914,
      122.86248418203117,
      106.3495237234473,
      140.10974925239498,
      97.2960932875276,
      128.42233714816456,
      112.01967973842595,
      142.95260107656503,
      151.2160117462821,
      111.50834226829578,
      142.6839733691194,
      121.33707895413791,
      154.29144106199584,
      66.99859488500863,
      121.18855841546738,
      106.2000888242944,
      146.01266074256483,
      78.60410467540711,
      157.24206468822112,
      163.18407923554352,
      110.64092708438348,
      166.61516147372143,
      134.78566322487137,
      147.7118444222296,
      114.86202908954627,
      143.91308614873503,
      153.84216150831156,
      128.2633146869091,
      108.1355559757789,
      143.84079704257698,
      143.9358168536123,
      135.63048526421207,
      146.92870112229824,
      164.060759152121,
      83.56729101629469,
      163.45924227271212,
      136.82591987166452,
      152.2738181259207,
      159.837301374127,
      71.07067195502336,
      110.02498683583603,
      145.43901480346074,
      150.39822693742371,
      88.03288533380304,
      144.23582354817654,
      116.61001117895731,
      154.71345436677024,
      167.3403580234022,
      132.97532777039888,
      90.07839135755177,
      138.89076090193527,
      149.33475066745808,
      146.71284968138247,
      149.7266237837668,
      148.8938126440099,
      135.9041005609541,
      161.21020929890233,
      140.27065140525409
    ],
    "success_rate": [
      1.0,
      1.0,
      0.7,
      0.4,
      0.3,
      0.95,
      0.4,
      0.35,
      0.65,
      1.0,
      0.6,
      0.95,
      1.0,
      1.0,
      0.55,
      1.0,
      0.95,
      0.45,
      0.95,
      0.25,
      1.0,
      0.55,
      0.3,
      0.95,
      0.95,
      0.85,
      1.0,
      0.9,
      1.0,
      1.0,
      0.15,
      0.95,
      1.0,
      0.35,
      0.55,
      1.0,
      0.15,
      0.95,
      1.0,
      0.8,
      1.0,
      1.0,
      0.25,
      0.35,
      0.35,
      0.95,
      0.4,
      0.8,
      0.35,
      0.85,
      1.0,
      0.65,
      0.95,
      0.4,
      1.0,
      0.15,
      0.65,
      0.6,
      0.95,
      0.15,
      1.0,
      1.0,
      0.6,
      1.0,
      0.75,
      0.95,
      0.5,
      0.95,
      1.0,
      0.85,
      0.35,
      0.95,
      1.0,
      0.9,
      1.0,
      1.0,
      0.3,
      1.0,
      0.85,
      1.0,
      1.0,
      0.2,
      0.4,
      1.0,
      1.0,
      0.5,
      0.95,
      0.55,
      1.0,
      1.0,
      0.95,
      0.35,
      0.95,
      0.95,
      0.95,
      1.0,
      1.0,
      0.95,
      1.0,
      0.95
    ],
    "latency_ms": [
      412.8718984377029,
      171.45924978934352,
      303.16729734462007,
      509.16007451935604,
      325.25405829839866,
      389.3649995642323,
      212.17253236749235,
      481.7115271732897,
      503.88723719535767,
      501.2218050352228,
      483.73771900620045,
      447.815095493504,
      455.06048162782326,
      368.6880770314693,
      286.8780339022637,
      404.4971845009476,
      328.0948425430448,
      476.38961248324574,
      511.7882757485133,
      290.4864201730005,
      551.1261069489076,
      591.8256048291162,
      259.9917671770379,
      404.7390954723503,
      235.47025224368537,
      335.0506360265972,
      308.6818099296187,
      556.5722523258074,
      153.38009475218686,
      291.7583136241806,
      417.66390160491295,
      301.62011176313985,
      833.1928129856997,
      261.56214276708863,
      662.3793014252456,
      93.37595658538469,
      321.7560644801232,
      476.40661363395986,
      283.50108618134254,
      388.3679758305937,
      246.86210649301987,
      199.73586148259437,
      190.26152622334456,
      275.0876642027234,
      250.20187221127344,
      484.4903823773261,
      573.4121115827965,
      480.1980524557539,
      364.8076717400297,
      187.43482356665226,
      388.31758150623784,
      757.0352530243,
      267.37037610510936,
      379.8153043520706,
      322.44346250214187,
      216.661491305349,
      382.43462579743573,
      767.166980731699,
      298.673717566933,
      224.2896790952546,
      254.01786628367051,
      303.730425508973,
      384.404942474888,
      144.92275995032344,
      386.2750459298826,
      253.3772995277466,
      293.9360557404869,
      347.5829741594627,
      374.04707305059054,
      353.73626012178033,
      361.2251675361878,
      278.4247299964275,
      493.1733052669034,
      427.6994346751817,
      413.44414405262154,
      290.46740715350916,
      411.79455983165224,
      100.94977497722307,
      573.0435061246952,
      322.10649166100643,
      209.1696780492557,
      306.9330787441876,
      415.36874326004363,
      484.252723394433,
      357.6992836368671,
      676.5395583876109,
      232.33932694622675,
      660.5327880257468,
      341.857192636903,
      144.6961156199974,
      691.1101494359243,
      454.0216351397638,
      388.2779194752027,
      196.481298149508,
      269.5845449869809,
      476.42782203184424,
      429.4488608556108,
      692.0699209757239,
      223.45132122171262,
      306.1419843646556
    ],
    "deadline_miss": [
      0,
      0,
      0,
      0,
      0,
      0,
      0,
      0,
      0,
      0,
      0,
      0,
      0,
      0,
      0,
      0,
      0,
      0,
      0,
      0,
      0,
      0,
      0,
      0,
      0,
      0,
      0,
      0,
      0,
      0,
      0,
      0,
      0,
      0,
      0,
      0,
      0,
      0,
      0,
      0,
      0,
      0,
      0,
      0,
      0,
      0,
      0,
      0,
      0,
      0,
      0,
      0,
      0,
      0,
      0,
      0,
      0,
      0,
      0,
      0,
      0,
      0,
      0,
      0,
      0,
      0,
      0,
      0,
      0,
      0,
      0,
      0,
      0,
      0,
      0,
      0,
      0,
      0,
      0,
      0,
      0,
      0,
      0,
      0,
      0,
      0,
      0,
      0,
      0,
      0,
      0,
      0,
      0,
      0,
      0,
      0,
      0,
      0,
      0,
      0
    ],