{
  "method": "rnd",
  "seed": 2,
  "summary": {
    "reward": 137.2659220650742,
    "success_rate": 0.8239736842105263,
    "latency_ms": 388.54902910064294,
    "deadline_miss": 0.0,
    "reschedule_count": 4.68,
    "num_task_nodes": 19.93,
    "episode_steps": 50.0
  },
  "episodes": {
    "reward": [
      143.43873472549998,
      115.93981356305491,
      167.4166730405391,
      146.84241080518888,
      165.55912095860631,
      126.88424004594472,
      158.6134212704178,
      129.1861461680756,
      140.00448051338557,
      155.51152844825074,
      142.2576642723841,
      117.3084729641157,
      123.41960727525381,
      88.53968440450257,
      132.28740835250863,
      117.51627738698782,
      140.5846036728073,
      102.37327935047837,
      110.65114014428502,
      127.25440964061475,
      155.24755235930286,
      121.19597136915709,
      143.48694616106857,
      149.96414597556213,
      148.4150406514856,
      149.10900860568495,
      146.1902725706328,
      168.00855170198955,
      154.95426185269986,
      113.21015509022516,
      146.28815508332448,
      137.9556427791587,
      96.65808379615953,
      116.5339069593222,
      151.3610481990819,
      109.69524047868556,
      127.39198524765538,
      147.0949113570705,
      143.03555826568518,
      108.2445191541784,
      130.01035066551154,
      134.80114739790008,
      153.83161008470154,
      124.17886331649252,
      158.9517637767528,
      137.07123450091544,
      134.67111845131444,
      146.57335098869513,
      129.4791786825016,
      152.29775569091947,
      157.67866973112922,
      156.8417169644351,
      148.18933844686745,
      150.7332285828382,
      148.27586865081312,
      93.83966455908269,
      142.638888325013,
      101.31455666191623,
      151.99910264913134,
      139.8860003919897,
      135.17336981110293,
      156.51721793828423,
      154.74503216597034,
      98.5581977560659,
      87.36639541729238,
      159.50669583907157,
      154.47894108910268,
      159.82145551487767,
      158.49041409727786,
      142.98880597404772,
      147.95494296001226,
      137.81587587547364,
      147.19293793374695,
      133.4480703798339,
      139.9316740066004,
      130.52594378386908,
      120.62645641402733,
      155.78917854162393,
      146.7373242049871,
      151.72230021419998,
      151.57663190803686,
      113.92105011733028,
      76.33161952286251,
      148.20950842012786,
      168.37355482123198,
      117.9742423270785,
      146.78037302618316,
      136.2832787601804,
      150.56674407292365,
      148.5724660344554,
      115.52633956586065,
      167.27825381007682,
      117.6144302436973,
      130.22676862944934,
      153.9177911531386,
      146.22299329254378,
      134.4504510650363,
      124.45719322934993,
      112.91881689492921,
      167.10498651550725
    ],
    "success_rate": [
      0.95,
      0.75,
      1.0,
      1.0,
      1.0,
      0.75,
      1.0,
      0.65,
      0.95,
      1.0,
      0.95,
      0.5,
      0.45,
      0.35,
      1.0,
      0.75,
      0.95,
      0.4,
      0.3,
      0.95,
      1.0,
      0.55,
      1.0,
      1.0,
      1.0,
      1.0,
      0.95,
      1.0,
      1.0,
      0.25,
      0.95,
      0.95,
      0.25,
      0.6,
      0.95,
      0.2,
      0.85,
      0.95,
      0.95,
      0.35,
      0.8,
      0.9,
      1.0,
      0.5,
      1.0,
      0.95,
      0.9,
      0.95,
      0.85,
      1.0,
      1.0,
      1.0,
      1.0,
      0.95,
      1.0,
      0.35,
      1.0,
      0.5,
      1.0,
      1.0,
      0.85,
      1.0,
      1.0,
      0.5,
      0.25,
      1.0,
      1.0,
      1.0,
      1.0,
      0.95,
      0.9473684210526315,
      0.85,
      1.0,
      0.95,
      0.9,
      1.0,
      0.75,
      1.0,
      1.0,
      1.0,
      1.0,
      0.55,
      0.25,
      1.0,
      1.0,
      0.45,
      0.95,
      1.0,
      1.0,
      0.95,
      0.3,
      1.0,
      0.4,
      0.65,
      1.0,
      0.95,
      0.95,
      0.6,
      0.4,
      1.0
    ],
    "latency_ms": [
      283.1945242950841,
      510.6085098579897,
      135.1602528617539,
      453.0770720146461,
      229.43234789798476,
      383.60010860139664,
      186.72797555227345,
      476.99717667200264,
      395.4877076247672,
      334.1415008602706,
      309.2713222501592,
      318.630537650002,
      373.9385401740141,
      479.2191711710336,
      724.4949058085382,
      701.9455818832115,
      359.4086630731986,
      414.5392282367606,
      337.947824401601,
      708.8878495719046,
      314.7990509375231,
      420.9195817747743,
      524.6006223116306,
      363.99901693802633,
      435.105757244989,
      404.99254576977415,
      332.94076361078635,
      178.05052874725845,
      398.1363487167252,
      215.8611711038825,
      229.97339501111264,
      361.39159714989887,
      299.87125827253107,
      789.3625098329325,
      252.92399262232087,
      178.23220747036083,
      392.53465674891015,
      380.72673091290943,
      214.8053610835041,
      316.13644846186764,
      409.56999026386654,
      632.5936200158608,
      434.0584040881685,
      464.3431002268369,
      141.28367708965737,
      283.6712840377711,
      269.5726914904691,
      202.7131276176714,
      459.4844326846871,
      414.4609728047163,
      269.0580120738557,
      223.58358926568843,
      453.38568100912875,
      186.5798212033546,
      402.90476939790267,
      290.2254245473713,
      479.3757540277241,
      700.9880660025767,
      460.32964119698886,
      414.05934793081724,
      510.6325130141611,
      297.8444964611268,
      410.28509899837945,
      747.9317253755457,
      511.2492913004493,
      285.0994564267577,
      255.26706412744613,
      335.9674505878935,
      320.23864095152237,
      441.428842196761,
      336.41631751879066,
      503.8894464786094,
      389.72006188052006,
      496.44644596460995,
      399.03157589599243,
      631.3980590845043,
      602.5236987510664,
      335.13174606791745,
      482.6628045634222,
      426.968579733977,
      308.77209184174404,
      452.2782277112159,
      370.4727195250182,
      497.24733979902146,
      179.27446771745144,
      637.7436239579513,
      253.60617681523013,
      645.6651310954795,
      376.23485595295733,
      232.62610751436415,
      300.81570816270596,
      185.37344879876235,
      586.0604874188153,
      337.1347600067771,
      328.394151882006,
      304.73860028866835,
      560.9398689468803,
      397.16584677863136,
      272.4855256100399,
      193.42470270569805
    ],
    "deadline_miss": [
      0,
      0,
      0,
      0,
      0,
      0,
      0,
      0,
      0,
      0,
      0,
      0,
      0,
      0,
      0,
      0,
      0,
      0,
      0,
      0,
      0,
      0,
      0,
      0,
      0,
      0,
      0,
      0,
      0,
      0,
      0,
      0,
      0,
      0,
      0,
      0,
      0,
      0,
      0,
      0,
      0,
      0,
      0,
      0,
      0,
      0,
      0,
      0,
      0,
      0,
      0,
      0,
      0,
      0,
      0,
      0,
      0,
      0,
      0,
      0,
      0,
      0,
      0,
      0,
      0,
      0,
      0,
      0,
      0,
      0,
      0,
      0,
      0,
      0,
      0,
      0,
      0,
      0,
      0,
      0,
      0,
      0,
      0,
      0,
      0,
      0,
      0,
      0,
      0,
      0,
      0,
      0,
      0,
      0,
      0,
      0,
      0,
      0,
      0,
      0
    ],